<xml xmlns:o="urn:schemas-microsoft-com:office:office">
 <o:File HRef="v3_document.htm"/>
 <o:File HRef="preview.wmf"/>
 <o:File HRef="v3_next_active.gif"/>
 <o:File HRef="v3_next_disabled.gif"/>
 <o:File HRef="v3_prev_active.gif"/>
 <o:File HRef="v3_prev_disabled.gif"/>
 <o:File HRef="v3_outline_collapse.gif"/>
 <o:File HRef="v3_outline_expand.gif"/>
 <o:File HRef="v3_space.gif"/>
 <o:File HRef="v3_endshow.htm"/>
 <o:File HRef="v3_navigation_bar.htm"/>
 <o:File HRef="v3_outline_navigation_bar.htm"/>
 <o:File HRef="v3_outline_collapsed.htm"/>
 <o:File HRef="v3_outline_expanded.htm"/>
 <o:File HRef="v3_blank_notes.htm"/>
 <o:File HRef="master12.htm"/>
 <o:File HRef="master12.xml"/>
 <o:File HRef="master12_image001.gif"/>
 <o:File HRef="master13.htm"/>
 <o:File HRef="master13.xml"/>
 <o:File HRef="master02.htm"/>
 <o:File HRef="pres.xml"/>
 <o:File HRef="v3_slide0001.htm"/>
 <o:File HRef="v3_master13_background.gif"/>
 <o:File HRef="v3_slide0001_image002.gif"/>
 <o:File HRef="v3_slide0001_image003.gif"/>
 <o:File HRef="v3_master13_image004.gif"/>
 <o:File HRef="v3_slide0087.htm"/>
 <o:File HRef="v3_master12_background.gif"/>
 <o:File HRef="v3_slide0087_image005.gif"/>
 <o:File HRef="v3_slide0087_image006.gif"/>
 <o:File HRef="v3_slide0087_image007.gif"/>
 <o:File HRef="v3_slide0087_image008.gif"/>
 <o:File HRef="v3_slide0087_image009.gif"/>
 <o:File HRef="v3_slide0087_image010.gif"/>
 <o:File HRef="v3_slide0087_image011.gif"/>
 <o:File HRef="v3_slide0087_image012.gif"/>
 <o:File HRef="v3_slide0087_image013.gif"/>
 <o:File HRef="v3_slide0087_image014.gif"/>
 <o:File HRef="v3_slide0087_image015.gif"/>
 <o:File HRef="v3_slide0087_image016.gif"/>
 <o:File HRef="v3_master12_image017.gif"/>
 <o:File HRef="v3_slide0088.htm"/>
 <o:File HRef="v3_slide0088_image018.gif"/>
 <o:File HRef="v3_slide0088_image019.gif"/>
 <o:File HRef="v3_slide0088_image020.gif"/>
 <o:File HRef="v3_slide0088_image021.gif"/>
 <o:File HRef="v3_slide0088_image022.gif"/>
 <o:File HRef="v3_slide0088_image023.gif"/>
 <o:File HRef="v3_slide0088_image024.gif"/>
 <o:File HRef="v3_master12_image025.gif"/>
 <o:File HRef="v3_slide0079.htm"/>
 <o:File HRef="v3_slide0079_image026.gif"/>
 <o:File HRef="v3_slide0079_image027.gif"/>
 <o:File HRef="v3_master12_image028.gif"/>
 <o:File HRef="v3_slide0074.htm"/>
 <o:File HRef="v3_slide0074_background.gif"/>
 <o:File HRef="v3_slide0074_image029.gif"/>
 <o:File HRef="v3_slide0074_image030.gif"/>
 <o:File HRef="v3_slide0074_image031.gif"/>
 <o:File HRef="v3_slide0074_image032.gif"/>
 <o:File HRef="v3_slide0074_image033.gif"/>
 <o:File HRef="v3_slide0074_image034.gif"/>
 <o:File HRef="v3_slide0074_image035.gif"/>
 <o:File HRef="v3_slide0074_image036.gif"/>
 <o:File HRef="v3_slide0074_image037.gif"/>
 <o:File HRef="v3_slide0074_image038.gif"/>
 <o:File HRef="v3_slide0074_image039.gif"/>
 <o:File HRef="v3_master12_image040.gif"/>
 <o:File HRef="v3_slide0090.htm"/>
 <o:File HRef="v3_slide0090_image041.gif"/>
 <o:File HRef="v3_slide0090_image042.gif"/>
 <o:File HRef="v3_master12_image043.gif"/>
 <o:File HRef="v3_slide0054.htm"/>
 <o:File HRef="v3_slide0054_image044.gif"/>
 <o:File HRef="v3_slide0054_image045.gif"/>
 <o:File HRef="v3_slide0054_image046.gif"/>
 <o:File HRef="v3_slide0054_image047.gif"/>
 <o:File HRef="v3_slide0054_image048.gif"/>
 <o:File HRef="v3_slide0054_image049.gif"/>
 <o:File HRef="v3_slide0054_image050.gif"/>
 <o:File HRef="v3_slide0054_image051.gif"/>
 <o:File HRef="v3_slide0054_image052.gif"/>
 <o:File HRef="v3_slide0054_image053.gif"/>
 <o:File HRef="v3_slide0054_image054.gif"/>
 <o:File HRef="v3_slide0054_image055.gif"/>
 <o:File HRef="v3_slide0054_image056.gif"/>
 <o:File HRef="v3_slide0054_image057.gif"/>
 <o:File HRef="v3_slide0054_image058.gif"/>
 <o:File HRef="v3_master12_image059.gif"/>
 <o:File HRef="v3_slide0080.htm"/>
 <o:File HRef="v3_slide0080_image060.gif"/>
 <o:File HRef="v3_slide0080_image061.gif"/>
 <o:File HRef="v3_master12_image062.gif"/>
 <o:File HRef="v3_slide0081.htm"/>
 <o:File HRef="v3_slide0081_image063.gif"/>
 <o:File HRef="v3_slide0081_image064.gif"/>
 <o:File HRef="v3_master12_image065.gif"/>
 <o:File HRef="v3_slide0089.htm"/>
 <o:File HRef="v3_slide0089_background.gif"/>
 <o:File HRef="v3_slide0089_image066.gif"/>
 <o:File HRef="v3_slide0089_image067.gif"/>
 <o:File HRef="v3_slide0082.htm"/>
 <o:File HRef="v3_slide0082_image068.gif"/>
 <o:File HRef="v3_master12_image069.gif"/>
 <o:File HRef="v3_slide0083.htm"/>
 <o:File HRef="v3_slide0083_image070.gif"/>
 <o:File HRef="v3_slide0083_image071.gif"/>
 <o:File HRef="v3_master12_image072.gif"/>
 <o:File HRef="v3_slide0084.htm"/>
 <o:File HRef="v3_slide0084_image073.gif"/>
 <o:File HRef="v3_master12_image074.gif"/>
 <o:File HRef="v3_slide0085.htm"/>
 <o:File HRef="v3_slide0085_image075.gif"/>
 <o:File HRef="v3_slide0085_image076.gif"/>
 <o:File HRef="v3_master12_image077.gif"/>
 <o:File HRef="v3_slide0086.htm"/>
 <o:File HRef="v3_slide0086_image078.gif"/>
 <o:File HRef="v3_slide0086_image079.gif"/>
 <o:File HRef="v3_slide0086_image080.gif"/>
 <o:File HRef="v3_master12_image081.gif"/>
 <o:File HRef="v3_slide0049.htm"/>
 <o:File HRef="v3_slide0049_image082.gif"/>
 <o:File HRef="v3_slide0049_image083.gif"/>
 <o:File HRef="v3_master13_image084.gif"/>
 <o:File HRef="slide0001.htm"/>
 <o:File HRef="slide0087.htm"/>
 <o:File HRef="master12_image086.gif"/>
 <o:File HRef="slide0087_image088.gif"/>
 <o:File HRef="slide0088.htm"/>
 <o:File HRef="slide0088_image090.gif"/>
 <o:File HRef="slide0079.htm"/>
 <o:File HRef="slide0079_image092.gif"/>
 <o:File HRef="slide0079_image093.gif"/>
 <o:File HRef="slide0079_image094.gif"/>
 <o:File HRef="slide0079_image095.gif"/>
 <o:File HRef="slide0074.htm"/>
 <o:File HRef="slide0074_image097.gif"/>
 <o:File HRef="slide0074_image098.gif"/>
 <o:File HRef="slide0074_image099.gif"/>
 <o:File HRef="slide0074_image100.gif"/>
 <o:File HRef="slide0074_image101.gif"/>
 <o:File HRef="slide0074_image102.gif"/>
 <o:File HRef="slide0074_image103.gif"/>
 <o:File HRef="slide0074_image104.gif"/>
 <o:File HRef="slide0074_image105.gif"/>
 <o:File HRef="slide0090.htm"/>
 <o:File HRef="slide0090.xml"/>
 <o:File HRef="slide0090_image107.gif"/>
 <o:File HRef="slide0090_image108.gif"/>
 <o:File HRef="slide0090_image109.gif"/>
 <o:File HRef="slide0090_image110.gif"/>
 <o:File HRef="slide0090_image111.gif"/>
 <o:File HRef="slide0090_image112.gif"/>
 <o:File HRef="slide0090_image113.gif"/>
 <o:File HRef="slide0090_image114.gif"/>
 <o:File HRef="slide0090_image115.gif"/>
 <o:File HRef="slide0090_image116.gif"/>
 <o:File HRef="slide0090_image117.gif"/>
 <o:File HRef="slide0090_image118.gif"/>
 <o:File HRef="slide0090_image119.gif"/>
 <o:File HRef="slide0090_image120.gif"/>
 <o:File HRef="slide0090_image121.gif"/>
 <o:File HRef="slide0090_image122.gif"/>
 <o:File HRef="slide0090_image123.gif"/>
 <o:File HRef="slide0090_image124.gif"/>
 <o:File HRef="slide0090_image125.gif"/>
 <o:File HRef="slide0090_image126.gif"/>
 <o:File HRef="slide0090_image127.gif"/>
 <o:File HRef="slide0090_image128.gif"/>
 <o:File HRef="slide0054.htm"/>
 <o:File HRef="slide0054.xml"/>
 <o:File HRef="slide0054_image130.gif"/>
 <o:File HRef="slide0054_image131.gif"/>
 <o:File HRef="slide0054_image132.gif"/>
 <o:File HRef="slide0054_image133.gif"/>
 <o:File HRef="slide0054_image134.gif"/>
 <o:File HRef="slide0080.htm"/>
 <o:File HRef="slide0080_image136.gif"/>
 <o:File HRef="slide0081.htm"/>
 <o:File HRef="slide0081_image138.gif"/>
 <o:File HRef="slide0089.htm"/>
 <o:File HRef="slide0089_image140.wmz"/>
 <o:File HRef="slide0089_image141.gif"/>
 <o:File HRef="slide0089_image142.wmz"/>
 <o:File HRef="slide0089_image143.gif"/>
 <o:File HRef="slide0082.htm"/>
 <o:File HRef="slide0082_image145.gif"/>
 <o:File HRef="slide0082_image146.gif"/>
 <o:File HRef="slide0083.htm"/>
 <o:File HRef="slide0083_image148.gif"/>
 <o:File HRef="slide0083_image149.gif"/>
 <o:File HRef="slide0084.htm"/>
 <o:File HRef="slide0084_image151.gif"/>
 <o:File HRef="slide0084_image152.gif"/>
 <o:File HRef="slide0084_image153.gif"/>
 <o:File HRef="slide0085.htm"/>
 <o:File HRef="slide0085_image155.gif"/>
 <o:File HRef="slide0085_image156.gif"/>
 <o:File HRef="slide0085_image157.gif"/>
 <o:File HRef="slide0085_image158.gif"/>
 <o:File HRef="slide0085_image159.gif"/>
 <o:File HRef="slide0085_image160.gif"/>
 <o:File HRef="slide0085_image161.gif"/>
 <o:File HRef="slide0085_image162.gif"/>
 <o:File HRef="slide0085_image163.gif"/>
 <o:File HRef="slide0085_image164.gif"/>
 <o:File HRef="slide0085_image165.gif"/>
 <o:File HRef="slide0085_image166.gif"/>
 <o:File HRef="slide0085_image167.gif"/>
 <o:File HRef="slide0086.htm"/>
 <o:File HRef="slide0086_image169.gif"/>
 <o:File HRef="slide0049.htm"/>
 <o:File HRef="master01.htm"/>
 <o:File HRef="master12_stylesheet.css"/>
 <o:MainFile
  HRef="../Optimizing%20content%20for%20multichannel%20publishing.htm"/>
 <o:File HRef="error.htm"/>
 <o:File HRef="fullscreen.htm"/>
 <o:File HRef="outline.htm"/>
 <o:File HRef="buttons.gif"/>
 <o:File HRef="frame.htm"/>
 <o:File HRef="script.js"/>
 <o:File HRef="filelist.xml"/>
</xml>