<xml xmlns:v="urn:schemas-microsoft-com:vml"
 xmlns:o="urn:schemas-microsoft-com:office:office"
 xmlns:p="urn:schemas-microsoft-com:office:powerpoint">
 <o:shapelayout v:ext="edit">
  <o:idmap v:ext="edit" data="118"/>
 </o:shapelayout><p:shaperange id="_x0000_s120834">
  <v:shape id="_x0000_s120834" type="#_x0000_m203778" style='position:absolute;
   left:42pt;top:0;width:612pt;height:84pt' o:userdrawn="f">
   <v:fill o:detectmouseclick="f"/>
   <v:stroke o:forcedash="f"/>
   <o:lock v:ext="edit" text="f"/>
   <p:placeholder type="title"/>
  </v:shape><v:shapetype id="_x0000_t22" coordsize="21600,21600" o:spt="22"
   adj="5400" path="m10800,0qx0@1l0@2qy10800,21600,21600@2l21600@1qy10800,0xem0@1qy10800@0,21600@1nfe">
   <v:formulas>
    <v:f eqn="val #0"/>
    <v:f eqn="prod #0 1 2"/>
    <v:f eqn="sum height 0 @1"/>
   </v:formulas>
   <v:path o:extrusionok="f" gradientshapeok="t" o:connecttype="custom"
    o:connectlocs="10800,@0;10800,0;0,10800;10800,21600;21600,10800"
    o:connectangles="270,270,180,90,0" textboxrect="0,@0,21600,@2"/>
   <v:handles>
    <v:h position="center,#0" yrange="0,10800"/>
   </v:handles>
   <o:complex v:ext="view"/>
  </v:shapetype><v:shape id="_x0000_s120835" type="#_x0000_t22" style='position:absolute;
   left:300pt;top:222pt;width:117pt;height:162pt;v-text-anchor:middle' adj="2817"
   fillcolor="#f5fa8a" strokecolor="#8453ff [0]" strokeweight="1pt">
   <v:shadow on="t" color="#369" offset="6pt,6pt"/>
  </v:shape></p:shaperange>
 <p:shaperange id="_x0000_s120838">
  <v:shapetype id="_x0000_t15" coordsize="21600,21600" o:spt="15" adj="16200"
   path="m@0,0l0,,,21600@0,21600,21600,10800xe">
   <v:stroke joinstyle="miter"/>
   <v:formulas>
    <v:f eqn="val #0"/>
    <v:f eqn="prod #0 1 2"/>
   </v:formulas>
   <v:path gradientshapeok="t" o:connecttype="custom" o:connectlocs="@1,0;0,10800;@1,21600;21600,10800"
    o:connectangles="270,180,90,0" textboxrect="0,0,10800,21600;0,0,16200,21600;0,0,21600,21600"/>
   <v:handles>
    <v:h position="#0,topLeft" xrange="0,21600"/>
   </v:handles>
  </v:shapetype><v:shape id="_x0000_s120838" type="#_x0000_t15" style='position:absolute;
   left:37.25pt;top:117pt;width:94.75pt;height:64.625pt;v-text-anchor:middle'
   fillcolor="#f5fa8a" strokecolor="#8453ff [0]" strokeweight="1pt">
   <v:shadow on="t" color="#369" offset="6pt,6pt"/>
   <o:extrusion v:ext="view" backdepth="1in" color="#ffc" viewpoint="-1250000emu,1250000emu"
    viewpointorigin="-.5,.5" skewangle="45" lightposition="-50000"
    lightposition2="50000" type="perspective"/>
  </v:shape><v:shape id="_x0000_s120839" type="#_x0000_t15" style='position:absolute;
   left:84.625pt;top:220.375pt;width:94.75pt;height:64.625pt;v-text-anchor:middle'
   fillcolor="#f5fa8a" strokecolor="#8453ff [0]" strokeweight="1pt">
   <v:shadow on="t" color="#369" offset="6pt,6pt"/>
   <o:extrusion v:ext="view" backdepth="1in" color="#ffc" viewpoint="-1250000emu,1250000emu"
    viewpointorigin="-.5,.5" skewangle="45" lightposition="-50000"
    lightposition2="50000" type="perspective"/>
  </v:shape><v:shape id="_x0000_s120840" type="#_x0000_t15" style='position:absolute;
   left:37.25pt;top:423pt;width:196.75pt;height:64.625pt;v-text-anchor:middle'
   adj="18842" fillcolor="#f5fa8a" strokecolor="#8453ff [0]" strokeweight="1pt">
   <v:shadow on="t" color="#369" offset="6pt,6pt"/>
   <o:extrusion v:ext="view" backdepth="1in" color="#ffc" viewpoint="-1250000emu,1250000emu"
    viewpointorigin="-.5,.5" skewangle="45" lightposition="-50000"
    lightposition2="50000" type="perspective"/>
  </v:shape><v:shape id="_x0000_s120841" type="#_x0000_t15" style='position:absolute;
   left:132pt;top:315pt;width:94.75pt;height:64.625pt;v-text-anchor:middle'
   fillcolor="#f5fa8a" strokecolor="#8453ff [0]" strokeweight="1pt">
   <v:shadow on="t" color="#369" offset="6pt,6pt"/>
   <o:extrusion v:ext="view" backdepth="1in" color="#ffc" viewpoint="-1250000emu,1250000emu"
    viewpointorigin="-.5,.5" skewangle="45" lightposition="-50000"
    lightposition2="50000" type="perspective"/>
  </v:shape></p:shaperange>
 <p:shaperange id="_x0000_s120842">
  <v:shape id="_x0000_s120842" type="#_x0000_t15" style='position:absolute;
   left:462pt;top:270.625pt;width:94.75pt;height:64.625pt;v-text-anchor:middle'
   fillcolor="#f5fa8a" strokecolor="#8453ff [0]" strokeweight="1pt">
   <v:shadow on="t" color="#369" offset="6pt,6pt"/>
   <o:extrusion v:ext="view" backdepth="1in" color="#ffc" viewpoint="-1250000emu,1250000emu"
    viewpointorigin="-.5,.5" skewangle="45" lightposition="-50000"
    lightposition2="50000" type="perspective"/>
  </v:shape></p:shaperange>
 <p:shaperange id="_x0000_s120843">
  <v:shapetype id="_x0000_t88" coordsize="21600,21600" o:spt="88" adj="1800,10800"
   path="m0,0qx10800@0l10800@2qy21600@11,10800@3l10800@1qy0,21600e" filled="f">
   <v:formulas>
    <v:f eqn="val #0"/>
    <v:f eqn="sum 21600 0 #0"/>
    <v:f eqn="sum #1 0 #0"/>
    <v:f eqn="sum #1 #0 0"/>
    <v:f eqn="prod #0 9598 32768"/>
    <v:f eqn="sum 21600 0 @4"/>
    <v:f eqn="sum 21600 0 #1"/>
    <v:f eqn="min #1 @6"/>
    <v:f eqn="prod @7 1 2"/>
    <v:f eqn="prod #0 2 1"/>
    <v:f eqn="sum 21600 0 @9"/>
    <v:f eqn="val #1"/>
   </v:formulas>
   <v:path arrowok="t" o:connecttype="custom" o:connectlocs="0,0;21600,@11;0,21600"
    textboxrect="0,@4,7637,@5"/>
   <v:handles>
    <v:h position="center,#0" yrange="0,@8"/>
    <v:h position="bottomRight,#1" yrange="@9,@10"/>
   </v:handles>
  </v:shapetype><v:shape id="_x0000_s120843" type="#_x0000_t88" style='position:absolute;
   left:252pt;top:117pt;width:30pt;height:372pt;v-text-anchor:middle'
   fillcolor="#fcfdc6" strokecolor="#f5fa8a [3]" strokeweight="3pt">
   <v:fill color2="#8453ff [0]"/>
   <v:shadow color="#050014 [2]" obscured="t" offset="6pt,6pt"/>
   <v:textbox style='mso-fit-shape-to-text:t' inset="87573emu,43787emu,87573emu,43787emu"/>
  </v:shape></p:shaperange>
 <p:shaperange id="_x0000_s120845">
  <v:group id="_x0000_s120845" style='position:absolute;left:588pt;top:147pt;
   width:96pt;height:81.625pt' coordorigin="3984,2035" coordsize="768,653">
   <v:group id="_x0000_s120846" style='position:absolute;left:4032;top:2035;
    width:624;height:510' coordorigin="1632,1104" coordsize="2688,2828">
    <v:rect id="_x0000_s120847" style='position:absolute;left:1632;top:1104;
     width:2688;height:2400' fillcolor="#9cf [4]" strokecolor="#050014 [2]"
     strokeweight="1pt">
     <v:shadow color="#369" opacity=".5" obscured="t" offset="6pt,6pt"/>
    </v:rect><v:rect id="_x0000_s120848" style='position:absolute;left:2454;
     top:2086;width:294;height:23' strokeweight="0"/>
    <v:rect id="_x0000_s120849" style='position:absolute;left:2454;top:2158;
     width:981;height:1115' strokeweight="0"/>
    <v:shape id="_x0000_s120850" style='position:absolute;left:3435;top:2158;
     width:672;height:1115' coordsize="804,1368" path="m0,48l246,48,246,77,,77,,1368,804,1368,804,,,,,48xe"
     strokeweight="0">
     <v:path arrowok="t"/>
    </v:shape><v:shape id="_x0000_s120851" style='position:absolute;left:2861;
     top:1661;width:967;height:84' coordsize="1156,103" path="m7,66l0,103,1156,103,1141,62,1112,,29,,7,66xe"
     fillcolor="#e0e0e0" strokeweight="0">
     <v:path arrowok="t"/>
    </v:shape><v:rect id="_x0000_s120852" style='position:absolute;left:2861;
     top:1745;width:967;height:18' strokeweight="0"/>
    <v:rect id="_x0000_s120853" style='position:absolute;left:2981;top:2109;
     width:887;height:34' strokeweight="0"/>
    <v:shape id="_x0000_s120854" style='position:absolute;left:1775;top:1921;
     width:700;height:1354' coordsize="812,1049" path="m496,147l41,147,41,,,,,1049,812,1049,812,,782,,782,147,496,147xe"
     strokeweight="0">
     <v:path arrowok="t"/>
    </v:shape><v:shape id="_x0000_s120855" style='position:absolute;left:1775;
     top:1745;width:725;height:95' coordsize="867,117" path="m224,0l85,,,117,812,117,867,,723,,723,22,705,73,206,73,206,36,224,0xe"
     fillcolor="#e0e0e0" strokeweight="0">
     <v:path arrowok="t"/>
    </v:shape><v:shape id="_x0000_s120856" style='position:absolute;left:1775;
     top:1840;width:679;height:300' coordsize="812,99" path="m411,99l812,99,812,,,,,99,411,99xe"
     strokeweight="0">
     <v:path arrowok="t"/>
    </v:shape><v:shape id="_x0000_s120857" style='position:absolute;left:1889;
     top:1239;width:536;height:454' coordsize="642,557" path="m66,557l642,557,642,,,,,557,66,557xe"
     strokeweight="0">
     <v:path arrowok="t"/>
    </v:shape><v:shape id="_x0000_s120858" style='position:absolute;left:2754;
     top:1715;width:521;height:125' coordsize="624,154" path="m44,0l0,117,298,117,290,154,624,154,624,88,103,88,136,,44,0xe"
     fillcolor="#e0e0e0" strokeweight="0">
     <v:path arrowok="t"/>
    </v:shape><v:rect id="_x0000_s120859" style='position:absolute;left:1944;
     top:1693;width:435;height:31' strokeweight="0"/>
    <v:rect id="_x0000_s120860" style='position:absolute;left:1947;top:1774;
     width:417;height:30' strokeweight="0"/>
    <v:rect id="_x0000_s120861" style='position:absolute;left:1962;top:1724;
     width:408;height:21' strokeweight="0"/>
    <v:shape id="_x0000_s120862" style='position:absolute;left:2454;top:1715;
     width:336;height:125' coordsize="403,154" path="m55,37l0,154,341,154,359,117,403,,77,,55,37xe"
     fillcolor="#e0e0e0" strokeweight="0">
     <v:path arrowok="t"/>
    </v:shape><v:shape id="_x0000_s120863" style='position:absolute;left:2454;
     top:1840;width:294;height:81' coordsize="352,99" path="m0,0l0,99,352,99,352,26,341,26,341,,,0xe"
     strokeweight="0">
     <v:path arrowok="t"/>
    </v:shape><v:rect id="_x0000_s120864" style='position:absolute;left:2454;
     top:2109;width:294;height:34' strokeweight="0"/>
    <v:shape id="_x0000_s120865" style='position:absolute;left:2996;top:1840;
     width:279;height:36' coordsize="334,44" path="m0,26l0,44,334,44,334,,,,,26xe"
     strokeweight="0">
     <v:path arrowok="t"/>
    </v:shape><v:shape id="_x0000_s120866" style='position:absolute;left:2739;
     top:1810;width:264;height:30' coordsize="316,37" path="m18,0l0,37,44,37,55,19,282,19,279,37,308,37,316,,18,0xe"
     fillcolor="#0080ff" strokeweight="0">
     <v:path arrowok="t"/>
    </v:shape><v:rect id="_x0000_s120867" style='position:absolute;left:2739;
     top:1840;width:257;height:21' strokeweight="0"/>
    <v:rect id="_x0000_s120868" style='position:absolute;left:2048;top:1745;
     width:230;height:18' strokeweight="0"/>
    <v:rect id="_x0000_s120869" style='position:absolute;left:3868;top:2109;
     width:214;height:34' strokeweight="0"/>
    <v:rect id="_x0000_s120870" style='position:absolute;left:2770;top:2109;
     width:211;height:34' strokeweight="0"/>
    <v:shape id="_x0000_s120871" style='position:absolute;left:4036;top:1808;
     width:71;height:32' coordsize="85,40" path="m85,40l59,,,,19,40,85,40xe"
     fillcolor="#0080ff" strokeweight="0">
     <v:path arrowok="t"/>
    </v:shape><v:shape id="_x0000_s120872" style='position:absolute;left:3907;
     top:1790;width:178;height:18' coordsize="213,22" path="m213,0l0,,11,22,213,22,213,0xe"
     strokeweight="0">
     <v:path arrowok="t"/>
    </v:shape><v:rect id="_x0000_s120873" style='position:absolute;left:3929;
     top:1921;width:178;height:45' strokeweight="0"/>
    <v:shape id="_x0000_s120874" style='position:absolute;left:2536;top:3303;
     width:111;height:111' coordsize="132,136" path="m44,4l22,15,3,40,,70,3,88,14,106,33,125,51,132,77,136,102,125,117,106,132,84,132,59,124,33,106,11,91,4,69,,44,4xe"
     strokeweight="0">
     <v:path arrowok="t"/>
    </v:shape><v:shape id="_x0000_s120875" style='position:absolute;left:1815;
     top:3303;width:110;height:111' coordsize="132,136" path="m118,22l99,7,74,,48,4,26,11,7,33,,62,4,92,18,114,37,128,62,136,92,132,110,117,129,95,132,70,129,44,118,22xe"
     strokeweight="0">
     <v:path arrowok="t"/>
    </v:shape><v:shape id="_x0000_s120876" style='position:absolute;left:2340;
     top:3307;width:110;height:110' coordsize="132,135" path="m80,0l58,,40,3,22,14,7,29,,58,,84,11,110,29,121,51,135,80,132,102,121,121,102,132,84,132,62,125,40,117,22,99,7,80,0xe"
     strokeweight="0">
     <v:path arrowok="t"/>
    </v:shape><v:shape id="_x0000_s120877" style='position:absolute;left:3975;
     top:3300;width:107;height:105' coordsize="128,129" path="m114,22l95,8,70,,40,,18,11,4,37,,63,,88,11,107,26,121,48,129,77,129,103,125,121,99,128,77,128,48,114,22xe"
     strokeweight="0">
     <v:path arrowok="t"/>
    </v:shape><v:shape id="_x0000_s120878" style='position:absolute;left:3947;
     top:1808;width:105;height:32' coordsize="125,40" path="m0,0l18,40,125,40,106,,,0xe"
     fillcolor="#0080ff" strokeweight="0">
     <v:path arrowok="t"/>
    </v:shape><v:shape id="_x0000_s120879" style='position:absolute;left:2840;
     top:1715;width:42;height:71' coordsize="51,88" path="m33,0l0,88,37,88,51,59,26,59,26,37,33,0xe"
     strokeweight="0">
     <v:path arrowok="t"/>
    </v:shape><v:shape id="_x0000_s120880" style='position:absolute;left:2364;
     top:1738;width:15;height:66' coordsize="18,81" path="m0,81l18,30,18,,,44,,81xe"
     fillcolor="#0080ff" strokeweight="0">
     <v:path arrowok="t"/>
    </v:shape><v:rect id="_x0000_s120881" style='position:absolute;left:4082;
     top:2109;width:25;height:34' strokeweight="0"/>
    <v:rect id="_x0000_s120882" style='position:absolute;left:2748;top:2109;
     width:22;height:34' strokeweight="0"/>
    <v:rect id="_x0000_s120883" style='position:absolute;left:2748;top:1966;
     width:1359;height:134' strokeweight="0"/>
    <v:rect id="_x0000_s120884" style='position:absolute;left:2454;top:1921;
     width:294;height:179' strokeweight="0"/>
    <v:rect id="_x0000_s120885" style='position:absolute;left:2748;top:1921;
     width:1181;height:45' strokeweight="0"/>
    <v:shape id="_x0000_s120886" style='position:absolute;left:2748;top:1840;
     width:1181;height:81' coordsize="1413,99" path="m1413,99l1413,,631,,631,44,297,44,297,26,,26,,99,1413,99xe"
     strokeweight="0">
     <v:path arrowok="t"/>
    </v:shape><v:rect id="_x0000_s120887" style='position:absolute;left:3962;
     top:1840;width:90;height:39' strokeweight="0"/>
    <v:shape id="_x0000_s120888" style='position:absolute;left:3929;top:1840;
     width:178;height:81' coordsize="213,99" path="m213,0l147,,147,62,40,62,40,,,,,99,213,99,213,0xe"
     strokeweight="0">
     <v:path arrowok="t"/>
    </v:shape><v:shape id="_x0000_s120889" style='position:absolute;left:3916;
     top:1808;width:46;height:32' coordsize="55,40" path="m55,40l37,,,,15,40,55,40xe"
     fillcolor="#0080ff" strokeweight="0">
     <v:path arrowok="t"/>
    </v:shape><v:rect id="_x0000_s120890" style='position:absolute;left:2454;
     top:2143;width:294;height:15' fillcolor="black" strokeweight="0"/>
    <v:shape id="_x0000_s120891" style='position:absolute;left:2871;top:1763;
     width:948;height:23' coordsize="1134,29" path="m14,0l0,29,1134,29,1115,,14,0xe"
     fillcolor="black" strokeweight="0">
     <v:path arrowok="t"/>
    </v:shape><v:shape id="_x0000_s120892" style='position:absolute;left:1947;
     top:1738;width:432;height:36' coordsize="517,44" path="m18,8l0,44,499,44,517,,506,,506,8,396,8,396,30,121,30,121,8,18,8xe"
     fillcolor="#0080ff" strokeweight="0">
     <v:path arrowok="t"/>
    </v:shape><v:rect id="_x0000_s120893" style='position:absolute;left:1960;
     top:1311;width:398;height:290' fillcolor="blue" strokeweight="0"/>
    <v:rect id="_x0000_s120894" style='position:absolute;left:3435;top:2197;
     width:205;height:23' fillcolor="black" strokeweight="0"/>
    <v:shape id="_x0000_s120895" style='position:absolute;left:2775;top:1826;
     width:199;height:14' coordsize="238,18" path="m235,18l238,,11,,,18,235,18xe"
     fillcolor="black" strokeweight="0">
     <v:path arrowok="t"/>
    </v:shape><v:shape id="_x0000_s120896" style='position:absolute;left:3925;
     top:3273;width:157;height:99' coordsize="187,121" path="m0,0l8,22,41,44,41,121,59,121,59,96,63,70,77,44,99,33,129,33,154,41,173,55,187,48,187,,,0xe"
     fillcolor="silver" strokeweight="0">
     <v:path arrowok="t"/>
    </v:shape><v:shape id="_x0000_s120897" style='position:absolute;left:2573;
     top:3273;width:122;height:39' coordsize="146,48" path="m0,0l0,41,25,37,47,41,62,48,77,26,146,,,0xe"
     fillcolor="silver" strokeweight="0">
     <v:path arrowok="t"/>
    </v:shape><v:shape id="_x0000_s120898" style='position:absolute;left:1855;
     top:3273;width:107;height:48' coordsize="128,59" path="m0,0l0,41,26,37,51,44,70,59,128,22,128,,,0xe"
     fillcolor="silver" strokeweight="0">
     <v:path arrowok="t"/>
    </v:shape><v:shape id="_x0000_s120899" style='position:absolute;left:2303;
     top:3273;width:104;height:97' coordsize="124,118" path="m124,41l113,,14,,18,41,33,41,36,66,,92,44,118,44,99,51,70,66,55,84,44,102,41,124,41xe"
     fillcolor="silver" strokeweight="0">
     <v:path arrowok="t"/>
    </v:shape><v:rect id="_x0000_s120900" style='position:absolute;left:3962;
     top:1879;width:90;height:12' fillcolor="black" strokeweight="0"/>
    <v:shape id="_x0000_s120901" style='position:absolute;left:2518;top:3298;
     width:37;height:38' coordsize="44,47" path="m44,22l0,,25,47,44,22xe"
     fillcolor="#0080ff" strokeweight="0">
     <v:path arrowok="t"/>
    </v:shape><v:rect id="_x0000_s120902" style='position:absolute;left:2748;
     top:2143;width:1359;height:15' fillcolor="black" strokeweight="0"/>
    <v:shape id="_x0000_s120903" style='position:absolute;left:3275;top:1711;
     width:810;height:129' coordsize="969,158" path="m0,92l0,158,782,158,767,118,756,96,969,96,958,77,749,77,738,59,705,,646,,661,41,661,63,631,63,650,92,,92xe"
     fillcolor="#e0e0e0" strokeweight="0">
     <v:path arrowok="t"/>
    </v:shape><v:shape id="_x0000_s120904" style='position:absolute;left:3306;
     top:1801;width:441;height:30' coordsize="528,37" path="m363,37l528,37,510,,,,,37,70,37,70,15,356,15,363,37xe"
     fillcolor="#0080ff" strokeweight="0">
     <v:path arrowok="t"/>
    </v:shape><v:shape id="_x0000_s120905" style='position:absolute;left:3365;
     top:1813;width:245;height:18' coordsize="293,22" path="m293,22l286,,,,,22,293,22xe"
     fillcolor="black" strokeweight="0">
     <v:path arrowok="t"/>
    </v:shape><v:shapetype id="_x0000_t202" coordsize="21600,21600" o:spt="202"
     path="m0,0l0,21600,21600,21600,21600,0xe">
     <v:stroke joinstyle="miter"/>
     <v:path gradientshapeok="t" o:connecttype="rect"/>
    </v:shapetype><v:shape id="_x0000_s120906" type="#_x0000_t202" style='position:absolute;
     left:1990;top:2335;width:1929;height:1597' filled="f" fillcolor="#9cf [4]"
     stroked="f" strokecolor="white [1]">
     <v:fill color2="#8453ff [0]"/>
     <v:shadow color="#050014 [2]"/>
     <v:textbox style='mso-fit-shape-to-text:t'/>
    </v:shape></v:group><v:shape id="_x0000_s120907" type="#_x0000_t202"
    style='position:absolute;left:3984;top:2515;width:768;height:173' filled="f"
    fillcolor="white [1]" stroked="f" strokecolor="#050014 [2]" strokeweight="1pt">
    <v:stroke startarrowwidth="narrow" startarrowlength="short"
     endarrowwidth="narrow" endarrowlength="short"/>
    <v:shadow color="#050014 [2]"/>
   </v:shape></v:group><v:group id="_x0000_s120908" style='position:absolute;
   left:594pt;top:269.375pt;width:84pt;height:67.25pt' coordorigin="4752,2112"
   coordsize="672,538">
   <v:rect id="_x0000_s120909" style='position:absolute;left:4854;top:2112;
    width:427;height:342' fillcolor="#9cf [4]" strokecolor="#050014 [2]"
    strokeweight="1pt">
    <v:shadow color="#369" opacity=".5" obscured="t" offset="6pt,6pt"/>
   </v:rect><v:shape id="_x0000_s120910" style='position:absolute;left:4907;
    top:2201;width:346;height:215' coordsize="1631,965" path="m1157,71l1156,68,1155,63,1150,53,1145,43,1138,34,1127,25,1116,19,1101,17,1095,17,1085,15,1072,15,1056,14,1036,13,1014,12,989,11,961,10,931,7,899,6,865,5,829,4,791,3,752,2,711,2,670,,627,,585,2,541,2,497,3,452,5,408,6,363,10,320,13,277,17,234,21,192,27,151,33,112,40,74,47,37,56,3,65,3,70,2,82,,100,,120,3,132,8,157,16,193,29,239,43,292,59,351,76,415,96,482,116,549,135,617,155,681,173,743,192,798,208,846,222,884,234,913,235,914,239,918,245,923,254,929,267,935,283,942,302,948,326,951,335,952,347,953,362,955,381,956,403,957,428,958,456,960,485,961,518,963,553,964,590,965,629,965,670,965,712,965,757,965,802,964,850,963,898,960,946,958,996,955,1047,950,1097,945,1148,940,1199,934,1249,927,1300,919,1351,910,1402,899,1450,888,1498,875,1547,862,1593,847,1594,846,1599,844,1604,839,1612,830,1619,817,1625,799,1630,775,1631,744,1625,721,1610,688,1587,647,1557,600,1521,547,1481,490,1438,431,1395,373,1350,315,1307,260,1267,208,1231,163,1201,125,1178,96,1163,78,1157,71xe"
    stroked="f">
    <v:path arrowok="t"/>
   </v:shape><v:shape id="_x0000_s120911" style='position:absolute;left:4942;
    top:2217;width:255;height:139' coordsize="1204,626" path="m0,28l1,33,7,48,14,74,24,106,37,144,52,188,67,235,84,286,102,336,120,387,139,437,158,484,175,528,192,564,208,597,223,620,228,621,239,622,255,624,275,626,296,624,317,621,333,614,344,601,345,601,351,601,359,601,370,601,383,601,400,601,418,600,440,600,463,600,487,599,515,599,542,598,572,597,603,596,636,594,669,593,704,591,738,590,774,588,810,585,845,583,881,579,917,577,951,574,987,570,1021,566,1054,562,1086,558,1119,553,1148,547,1177,541,1204,536,1200,530,1192,515,1178,491,1160,460,1138,423,1115,381,1089,336,1061,289,1033,242,1006,196,979,152,955,112,932,76,913,47,898,25,888,13,886,13,880,13,871,11,857,11,841,10,821,9,799,9,775,8,748,7,719,6,688,4,655,3,621,2,586,2,549,1,512,1,476,,438,,400,,361,,323,,287,1,251,2,216,3,182,4,149,7,120,9,91,13,64,15,40,18,18,23,,28xe"
    fillcolor="blue" stroked="f">
    <v:path arrowok="t"/>
   </v:shape><v:shape id="_x0000_s120912" style='position:absolute;left:5053;
    top:2145;width:197;height:175' coordsize="930,784" path="m825,41l827,38,834,31,844,22,855,12,869,5,884,,899,3,913,12,924,26,930,38,930,51,925,65,915,81,899,98,878,119,850,143,841,151,829,162,812,176,794,190,772,208,748,227,723,248,694,271,664,295,633,321,600,346,567,374,532,400,498,428,463,457,429,484,394,512,360,540,326,566,294,591,263,617,233,641,204,663,178,684,155,703,133,721,113,736,97,748,84,759,75,767,69,771,67,772,65,774,57,777,46,780,35,783,22,784,12,780,4,772,1,759,1,759,,759,,757,,756,,755,,753,1,751,4,746,6,741,10,736,16,727,24,718,34,708,45,696,59,681,75,665,95,648,115,627,141,605,168,580,199,552,235,521,273,489,316,452,363,413,415,370,470,324,531,276,597,223,667,166,743,105,825,41xe"
    stroked="f">
    <v:path arrowok="t"/>
   </v:shape><v:shape id="_x0000_s120913" style='position:absolute;left:4916;
    top:2192;width:11;height:15' coordsize="53,69" path="m14,69l13,66,9,57,4,44,1,30,,17,2,6,10,,24,,39,6,47,14,52,23,53,33,52,43,49,51,47,57,46,59,14,69xe"
    stroked="f">
    <v:path arrowok="t"/>
   </v:shape><v:shape id="_x0000_s120914" style='position:absolute;left:5048;
    top:2146;width:187;height:170' coordsize="880,760" path="m880,0l849,25,817,50,786,74,754,99,723,123,690,147,659,173,627,197,596,221,564,247,532,271,501,296,469,320,438,346,407,371,376,396,361,408,346,421,331,432,315,444,300,455,285,468,270,479,255,491,240,504,225,515,210,528,195,539,180,552,165,563,151,576,136,589,123,600,110,612,98,623,85,635,73,648,61,660,48,673,37,686,29,694,20,704,12,714,5,725,,736,1,746,9,754,24,760,29,760,35,756,38,751,38,746,36,739,36,733,39,726,44,720,50,714,57,710,63,704,68,699,73,694,78,689,83,683,89,679,93,673,98,668,104,663,108,658,121,645,135,634,148,621,161,610,174,597,188,585,202,574,216,562,229,551,242,539,256,528,270,517,282,506,296,494,310,484,323,472,337,461,350,451,363,439,377,427,390,417,403,406,417,394,430,383,458,358,485,333,513,309,542,285,569,260,597,237,626,213,653,189,681,165,710,142,739,117,766,94,795,70,824,47,852,23,880,,880,,880,,880,,880,,880,0xe"
    fillcolor="black" stroked="f">
    <v:path arrowok="t"/>
   </v:shape><v:shape id="_x0000_s120915" style='position:absolute;left:5058;
    top:2163;width:191;height:158' coordsize="903,709" path="m903,0l898,7,892,14,885,21,878,27,871,32,864,38,857,44,850,50,839,59,827,68,817,77,805,85,794,95,782,104,771,112,759,121,747,130,734,139,721,149,709,158,696,167,683,176,672,186,659,195,646,204,634,213,621,222,608,232,596,241,583,251,572,260,559,270,540,283,523,296,506,310,487,324,470,338,453,351,436,365,417,378,400,393,383,407,365,421,348,434,331,448,313,462,296,477,279,491,260,506,243,521,225,536,206,551,188,566,171,581,152,596,134,611,119,622,104,635,89,646,73,659,56,671,40,681,23,690,6,698,2,702,,705,1,709,6,709,22,704,38,698,54,690,70,682,86,673,101,664,115,655,129,644,147,630,166,615,184,602,203,587,221,572,239,558,257,543,274,528,293,512,312,497,331,481,350,464,369,449,388,433,407,418,426,402,445,386,463,371,483,355,501,340,521,324,539,308,559,293,577,277,590,266,601,257,614,247,627,237,640,227,652,218,665,207,678,197,689,188,702,177,714,168,727,158,740,148,752,138,764,128,777,118,787,108,799,99,809,90,819,81,831,71,841,62,852,53,862,44,868,38,873,33,879,28,885,23,890,17,894,12,899,6,903,,903,,903,,903,,903,,903,0xe"
    fillcolor="black" stroked="f">
    <v:path arrowok="t"/>
   </v:shape><v:shape id="_x0000_s120916" style='position:absolute;left:5037;
    top:2311;width:19;height:19' coordsize="88,84" path="m87,0l81,5,74,9,67,14,61,17,54,22,47,26,41,31,35,36,30,40,24,45,20,49,14,54,9,60,6,64,3,71,,77,,81,1,83,4,84,7,82,12,77,16,71,20,67,24,61,29,56,32,52,37,46,42,41,47,36,53,31,59,25,65,21,71,16,76,10,81,6,87,,88,,88,,88,,87,,87,0xe"
    fillcolor="black" stroked="f">
    <v:path arrowok="t"/>
   </v:shape><v:shape id="_x0000_s120917" style='position:absolute;left:5039;
    top:2316;width:17;height:15' coordsize="81,64" path="m80,0l73,9,65,18,55,26,46,33,37,40,27,47,16,52,5,56,2,59,,61,,63,1,64,7,64,13,63,17,61,23,59,28,55,34,51,37,47,42,44,47,39,53,34,59,30,64,24,68,18,73,12,77,7,81,,81,,81,,80,,80,,80,0xe"
    fillcolor="black" stroked="f">
    <v:path arrowok="t"/>
   </v:shape><v:shape id="_x0000_s120918" style='position:absolute;left:5222;
    top:2149;width:26;height:28' coordsize="119,127" path="m119,121l109,122,99,122,90,119,79,114,70,108,61,103,53,96,46,89,40,82,35,74,31,66,27,58,25,45,24,34,24,22,24,9,23,2,18,,13,1,8,6,2,17,,29,,42,2,55,7,68,12,81,19,91,27,100,35,107,46,114,57,120,70,123,84,127,96,127,109,126,119,122,119,122,119,121,119,121,119,121,119,121xe"
    fillcolor="black" stroked="f">
    <v:path arrowok="t"/>
   </v:shape><v:shape id="_x0000_s120919" style='position:absolute;left:5124;
    top:2232;width:17;height:28' coordsize="76,128" path="m17,0l9,21,2,41,,62,3,83,7,92,14,100,22,108,31,114,41,119,52,123,62,125,71,128,73,128,75,125,76,122,75,121,67,117,60,114,52,110,45,107,37,102,30,98,23,93,17,87,5,68,4,45,9,21,17,,17,,17,,17,,17,,17,0xe"
    fillcolor="black" stroked="f">
    <v:path arrowok="t"/>
   </v:shape><v:shape id="_x0000_s120920" style='position:absolute;left:5225;
    top:2142;width:28;height:30' coordsize="130,136" path="m82,136l88,132,94,127,100,121,105,115,111,110,116,104,120,97,124,90,130,73,128,57,124,41,117,24,112,18,106,12,101,7,93,3,85,,77,,68,,60,3,51,7,42,12,35,19,28,27,21,35,14,43,9,51,2,59,,61,,64,2,66,4,65,13,57,22,49,32,42,42,35,52,30,64,28,75,29,88,34,96,39,104,46,110,56,116,64,119,74,119,84,117,95,111,105,104,114,97,122,89,130,82,136,81,136,81,136,81,136,82,136,82,136xe"
    fillcolor="black" stroked="f">
    <v:path arrowok="t"/>
   </v:shape><v:shape id="_x0000_s120921" style='position:absolute;left:5239;
    top:2143;width:12;height:18' coordsize="59,81" path="m59,80l53,80,48,78,43,77,38,75,32,73,28,69,24,66,21,61,17,47,18,35,24,22,29,9,29,5,26,2,24,,20,,13,9,5,29,,51,5,68,10,73,16,76,23,78,30,80,37,81,45,81,52,81,59,81,59,81,59,80,59,80,59,80,59,80xe"
    fillcolor="black" stroked="f">
    <v:path arrowok="t"/>
   </v:shape><v:shape id="_x0000_s120922" style='position:absolute;left:5062;
    top:2289;width:13;height:23' coordsize="62,107" path="m62,106l46,102,32,93,22,81,15,67,10,51,9,34,11,18,16,2,16,,14,,11,1,9,3,2,19,,36,1,54,7,70,16,85,29,96,44,104,62,107,62,107,62,106,62,106,62,106,62,106xe"
    fillcolor="black" stroked="f">
    <v:path arrowok="t"/>
   </v:shape><v:shape id="_x0000_s120923" style='position:absolute;left:5221;
    top:2161;width:15;height:21' coordsize="72,93" path="m0,0l1,13,3,28,8,45,15,61,24,75,35,85,48,92,63,93,67,92,71,88,72,84,71,81,64,78,58,75,53,72,46,69,40,66,34,63,29,58,23,54,14,42,7,28,2,15,,,,,,,,,,,,0xe"
    fillcolor="black" stroked="f">
    <v:path arrowok="t"/>
   </v:shape><v:shape id="_x0000_s120924" style='position:absolute;left:5104;
    top:2259;width:14;height:12' coordsize="68,56" path="m13,56l20,53,30,48,40,42,50,35,60,27,65,19,68,11,64,3,57,,49,1,40,6,30,15,20,24,12,34,5,42,1,48,,49,1,51,1,53,3,53,8,48,12,43,17,38,22,33,28,25,37,18,45,11,54,6,58,6,61,9,63,12,63,17,61,21,56,26,51,31,47,34,39,40,31,46,22,50,13,55,13,55,13,55,13,56,13,56,13,56xe"
    fillcolor="black" stroked="f">
    <v:path arrowok="t"/>
   </v:shape><v:shape id="_x0000_s120925" style='position:absolute;left:5086;
    top:2276;width:15;height:12' coordsize="68,55" path="m14,55l21,52,30,48,40,42,51,35,60,27,66,19,68,11,64,3,57,,49,1,40,7,30,15,21,24,12,34,6,42,1,48,,49,1,52,1,53,3,53,8,48,12,42,17,38,22,33,29,25,37,18,45,11,54,7,59,7,61,9,63,12,63,17,61,22,56,26,52,31,47,34,39,40,31,46,22,50,14,55,14,55,14,55,14,55,14,55,14,55xe"
    fillcolor="black" stroked="f">
    <v:path arrowok="t"/>
   </v:shape><v:shape id="_x0000_s120926" style='position:absolute;left:4905;
    top:2230;width:55;height:183' coordsize="258,820" path="m0,0l8,29,17,57,26,86,35,115,44,144,52,171,60,201,68,230,75,257,81,282,88,309,94,334,101,360,108,386,115,412,122,438,136,486,150,534,164,583,179,630,195,678,211,726,228,773,247,819,250,820,255,818,257,814,258,810,243,763,228,715,212,668,196,620,180,572,164,525,149,478,134,431,126,405,118,380,109,355,103,329,94,304,88,277,81,252,74,227,66,198,56,169,47,140,38,113,28,84,18,56,9,27,,,,,,,,,,,,0xe"
    fillcolor="black" stroked="f">
    <v:path arrowok="t"/>
   </v:shape><v:shape id="_x0000_s120927" style='position:absolute;left:5144;
    top:2201;width:12;height:18' coordsize="58,83" path="m0,2l6,13,12,23,19,34,26,44,33,55,41,64,49,73,56,83,57,83,58,83,58,82,58,81,50,72,42,63,34,52,26,43,19,33,12,22,6,12,,,,,,,,2,,2,,2xe"
    fillcolor="black" stroked="f">
    <v:path arrowok="t"/>
   </v:shape><v:shape id="_x0000_s120928" style='position:absolute;left:5163;
    top:2231;width:96;height:142' coordsize="451,634" path="m0,5l29,43,56,81,84,120,110,159,138,199,165,238,190,277,216,317,243,356,269,397,296,436,322,475,349,514,377,554,404,593,432,631,439,634,446,631,451,623,451,615,446,598,439,583,430,568,420,554,411,540,401,526,390,512,381,498,364,474,347,450,329,426,311,403,294,378,276,354,258,331,241,307,226,287,212,268,197,248,182,229,168,210,153,191,139,171,124,151,109,132,94,113,79,94,64,75,49,56,34,37,19,19,3,,2,,1,2,,3,,5,,5xe"
    fillcolor="black" stroked="f">
    <v:path arrowok="t"/>
   </v:shape><v:shape id="_x0000_s120929" style='position:absolute;left:4948;
    top:2389;width:302;height:30' coordsize="1423,137" path="m0,32l5,44,8,56,13,68,20,78,23,82,28,86,31,90,36,92,40,96,46,99,51,101,55,104,69,111,82,116,96,121,109,124,124,127,138,129,152,130,167,131,184,132,202,132,219,134,236,135,253,135,270,136,287,136,304,136,321,137,339,137,355,137,372,137,389,137,407,137,424,137,441,137,470,137,498,136,527,136,555,135,584,134,612,132,641,131,669,129,698,128,726,126,755,123,783,121,811,119,840,116,868,114,896,111,928,107,959,104,991,100,1022,96,1053,91,1084,86,1116,82,1148,76,1179,70,1210,63,1240,56,1271,49,1301,41,1332,32,1362,24,1392,14,1400,11,1407,8,1415,6,1422,2,1423,2,1423,1,1423,,1423,,1407,6,1392,11,1375,17,1358,22,1342,26,1326,30,1309,34,1293,38,1276,41,1258,46,1241,49,1225,53,1208,56,1190,60,1173,63,1156,66,1138,69,1121,71,1104,75,1087,77,1069,79,1052,82,1035,84,1017,86,992,90,967,92,941,94,916,97,891,99,865,101,840,102,813,105,788,106,763,107,737,108,712,109,686,111,660,111,635,112,609,112,593,112,577,112,561,112,546,112,530,112,514,111,498,111,482,111,465,111,449,109,433,109,418,108,402,108,386,107,370,107,354,106,338,106,321,105,305,104,288,104,272,102,255,101,238,100,221,99,204,98,187,98,169,97,152,97,135,96,119,93,101,91,84,87,78,86,73,85,68,84,62,83,58,81,52,79,47,77,43,75,36,71,29,67,23,62,18,56,13,51,8,45,5,38,,31,,31,,31,,31,,32,,32xe"
    fillcolor="black" stroked="f">
    <v:path arrowok="t"/>
   </v:shape><v:shape id="_x0000_s120930" style='position:absolute;left:4961;
    top:2353;width:300;height:56' coordsize="1413,250" path="m1396,0l1400,15,1402,28,1403,42,1403,56,1401,69,1395,81,1386,92,1372,102,1364,106,1356,109,1347,113,1337,115,1329,117,1320,119,1311,122,1303,124,1280,130,1257,134,1234,138,1212,142,1189,146,1166,149,1143,154,1120,159,1097,163,1072,168,1048,171,1025,175,1001,178,978,182,954,185,929,189,906,192,882,194,858,197,835,199,811,201,787,204,764,206,739,208,715,209,691,212,667,213,643,214,618,215,594,216,570,216,547,217,523,217,498,217,474,217,450,217,426,217,402,217,377,217,353,216,341,216,329,215,316,215,304,214,292,214,280,214,268,213,255,213,243,212,231,212,218,212,206,210,193,210,182,209,169,209,156,208,146,207,137,207,126,206,116,206,106,206,95,206,85,205,74,205,65,204,57,202,48,200,40,198,31,195,21,193,13,192,4,190,2,191,1,192,,194,1,195,9,198,17,200,24,202,32,205,40,207,48,209,56,210,64,213,74,214,85,215,96,216,107,217,118,219,129,219,140,220,151,221,164,222,178,224,191,225,205,227,218,228,232,229,245,230,259,231,273,232,285,234,299,235,313,236,327,237,339,238,353,239,367,240,394,243,420,244,447,246,473,247,500,248,526,248,553,250,579,250,604,250,631,250,658,248,684,248,711,247,737,246,764,245,790,244,817,242,843,239,870,237,896,235,923,231,949,228,976,224,1002,221,1029,216,1055,212,1080,207,1107,202,1133,197,1160,191,1185,185,1212,179,1232,175,1253,169,1275,163,1297,156,1318,149,1338,140,1358,131,1377,119,1382,115,1387,110,1393,104,1398,99,1403,92,1408,85,1410,79,1412,72,1413,53,1410,35,1403,17,1397,,1397,,1397,,1396,,1396,,1396,0xe"
    fillcolor="black" stroked="f">
    <v:path arrowok="t"/>
   </v:shape><v:shape id="_x0000_s120931" style='position:absolute;left:4910;
    top:2230;width:58;height:170' coordsize="275,761" path="m0,0l12,53,25,106,42,159,59,211,77,264,96,316,114,367,131,420,139,447,148,473,156,500,164,526,172,553,180,581,188,607,196,634,202,655,207,676,214,698,221,719,224,726,227,734,230,741,234,746,240,752,245,757,251,760,259,761,266,759,273,753,275,745,272,738,260,727,251,714,244,699,239,683,230,659,222,635,213,612,205,587,196,563,188,539,179,514,171,490,161,465,152,440,144,416,135,392,116,343,98,295,80,246,61,197,45,148,29,99,14,49,1,,1,,1,,,,,,,0xe"
    fillcolor="black" stroked="f">
    <v:path arrowok="t"/>
   </v:shape><v:shape id="_x0000_s120932" style='position:absolute;left:4904;
    top:2195;width:243;height:27' coordsize="1147,123" path="m1,123l1,100,9,83,24,70,43,60,66,53,89,49,111,46,129,44,146,41,163,40,180,38,197,37,214,36,232,34,249,32,266,31,284,30,302,28,319,26,338,25,355,24,372,23,391,22,408,22,426,22,446,22,464,22,483,22,501,23,520,23,538,23,557,23,575,23,593,23,612,23,630,24,649,24,667,24,686,25,704,25,721,25,740,25,758,26,777,26,795,26,814,26,832,26,850,26,869,26,887,26,906,26,924,28,941,28,960,28,978,29,997,30,1015,31,1034,32,1052,33,1069,34,1088,37,1106,39,1125,41,1143,44,1144,44,1147,41,1147,39,1145,38,1126,33,1106,29,1086,24,1066,21,1045,18,1026,16,1005,14,985,11,965,10,944,9,924,9,903,8,884,8,863,7,842,7,823,7,801,7,779,6,757,6,735,6,713,5,691,5,670,3,648,3,626,3,604,2,582,2,560,1,538,1,516,1,494,,473,,452,,431,,410,1,390,2,369,3,348,5,327,6,307,8,286,10,265,13,244,15,224,17,204,21,183,23,163,26,142,30,121,33,97,38,72,44,47,52,25,64,9,79,,99,1,123,1,123,1,123,1,123,1,123,1,123xe"
    fillcolor="black" stroked="f">
    <v:path arrowok="t"/>
   </v:shape><v:shape id="_x0000_s120933" style='position:absolute;left:4912;
    top:2190;width:15;height:18' coordsize="68,83" path="m24,83l19,76,16,68,13,61,11,54,10,45,10,32,11,23,18,22,21,23,25,25,28,26,32,29,39,31,46,33,53,33,59,31,62,29,64,26,66,24,68,20,64,11,56,4,47,1,38,,33,,27,,23,,18,1,13,3,9,5,5,9,2,14,,22,,29,1,37,3,45,6,55,11,64,17,75,24,83,24,83,24,83,24,83,24,83,24,83xe"
    fillcolor="black" stroked="f">
    <v:path arrowok="t"/>
   </v:shape><v:shape id="_x0000_s120934" style='position:absolute;left:4939;
    top:2214;width:52;height:143' coordsize="245,642" path="m0,0l14,42,29,83,41,125,55,166,68,208,82,249,95,291,109,332,123,372,137,411,151,450,166,489,182,528,199,566,218,604,237,641,240,642,242,641,244,639,245,637,229,599,213,559,197,521,181,482,165,443,150,404,134,366,119,327,104,286,89,245,74,204,60,163,46,123,31,82,16,41,1,,1,,1,,,,,,,0xe"
    fillcolor="black" stroked="f">
    <v:path arrowok="t"/>
   </v:shape><v:shape id="_x0000_s120935" style='position:absolute;left:5129;
    top:2216;width:12;height:18' coordsize="56,80" path="m0,0l7,11,13,20,20,30,27,39,33,50,39,60,45,69,52,80,53,80,54,80,56,79,56,77,49,68,42,58,35,49,28,38,21,29,14,20,7,9,,,,,,,,,,,,0xe"
    fillcolor="black" stroked="f">
    <v:path arrowok="t"/>
   </v:shape><v:shape id="_x0000_s120936" style='position:absolute;left:5147;
    top:2244;width:57;height:97' coordsize="269,432" path="m0,3l17,30,33,55,50,82,66,108,83,135,99,161,115,188,131,215,146,243,162,271,177,298,192,326,208,354,225,380,244,407,263,432,266,432,268,431,269,430,269,428,252,401,236,373,220,347,204,320,187,293,171,266,154,239,138,212,122,186,106,158,89,131,72,105,55,78,39,52,20,27,3,,2,,1,1,,2,,3,,3xe"
    fillcolor="black" stroked="f">
    <v:path arrowok="t"/>
   </v:shape><v:shape id="_x0000_s120937" style='position:absolute;left:4934;
    top:2211;width:204;height:13' coordsize="961,56" path="m961,31l946,31,931,30,916,28,901,27,886,26,871,25,856,24,841,22,825,20,810,19,795,17,780,16,765,15,750,12,735,11,720,10,705,9,690,8,675,7,660,5,645,4,630,4,615,3,600,3,585,2,570,2,555,1,539,1,524,1,509,,494,,479,,464,,448,,433,,418,,402,,387,,371,1,356,1,340,1,325,2,309,2,294,3,278,3,263,4,246,4,231,5,218,7,204,7,189,8,175,9,160,11,146,12,132,15,117,17,104,19,90,22,76,24,61,27,47,31,34,34,21,38,7,42,3,45,,49,,54,3,56,17,55,31,54,45,53,59,52,72,50,86,49,100,48,113,47,127,46,140,45,154,43,168,42,182,41,195,40,208,40,222,39,238,39,253,38,269,38,286,37,301,35,317,35,332,34,348,33,363,33,379,32,394,32,410,31,425,30,440,30,456,28,471,28,486,27,501,27,516,26,532,26,547,26,562,25,577,25,593,24,608,24,623,24,638,24,653,24,669,24,684,24,699,24,714,24,729,24,745,25,760,25,775,26,791,26,806,27,821,28,838,28,852,30,867,30,884,31,899,31,915,32,930,32,946,32,961,32,961,32,961,31,961,31,961,31,961,31xe"
    fillcolor="black" stroked="f">
    <v:path arrowok="t"/>
   </v:shape><v:shape id="_x0000_s120938" style='position:absolute;left:4940;
    top:2224;width:201;height:6' coordsize="948,26" path="m948,24l915,20,884,15,852,11,821,8,789,6,756,3,724,2,693,1,661,,628,,596,,565,,533,,501,1,468,1,436,2,410,3,382,3,355,5,329,5,301,6,274,6,247,7,219,7,193,8,165,9,139,10,111,11,83,14,57,15,29,17,3,20,2,21,,23,,25,2,26,32,26,60,25,90,25,120,24,149,23,179,22,209,20,238,18,268,17,298,16,328,14,357,13,386,11,416,10,445,8,475,7,505,6,534,6,564,5,594,5,623,5,653,5,681,5,711,6,741,6,770,8,800,9,830,11,859,15,889,17,918,21,948,25,948,25,948,24,948,24,948,24,948,24xe"
    fillcolor="black" stroked="f">
    <v:path arrowok="t"/>
   </v:shape><v:shape id="_x0000_s120939" style='position:absolute;left:5014;
    top:2337;width:193;height:16' coordsize="910,73" path="m910,0l899,1,886,4,874,6,863,8,850,11,839,13,826,14,815,15,802,16,789,17,778,19,765,20,752,22,741,23,728,24,715,25,700,27,686,29,671,30,656,31,639,32,624,34,609,35,594,36,579,36,565,37,550,38,535,39,518,39,503,40,488,42,473,43,444,45,415,46,385,49,356,50,326,51,297,52,267,53,238,54,208,54,180,55,150,55,121,57,91,57,62,57,32,57,3,57,1,58,,59,,61,1,62,29,66,58,68,86,70,114,72,143,73,172,73,200,72,229,70,258,69,286,68,314,66,343,65,372,62,401,60,429,58,457,55,471,54,485,53,499,52,514,52,528,51,541,50,555,49,569,47,583,46,597,45,611,44,624,43,639,42,653,40,667,38,681,37,696,35,711,32,727,30,742,28,757,25,773,23,788,21,803,20,817,19,830,17,843,15,857,12,870,9,884,6,896,4,910,1,910,1,910,,910,,910,,910,0xe"
    fillcolor="black" stroked="f">
    <v:path arrowok="t"/>
   </v:shape><v:shape id="_x0000_s120940" style='position:absolute;left:4988;
    top:2350;width:31;height:7' coordsize="143,29" path="m0,24l13,25,25,26,38,28,51,28,62,29,75,29,87,29,100,29,105,29,113,28,121,25,129,23,136,20,140,14,143,8,139,1,136,,134,2,131,6,130,9,126,16,113,21,93,23,73,24,49,24,28,24,10,24,,24,,24,,24,,24,,24,,24xe"
    fillcolor="black" stroked="f">
    <v:path arrowok="t"/>
   </v:shape><v:shape id="_x0000_s120941" style='position:absolute;left:5218;
    top:2345;width:9;height:11' coordsize="43,53" path="m36,8l30,4,23,1,16,,9,2,5,6,1,12,,19,,26,1,33,5,40,8,46,13,50,22,53,30,50,38,46,43,38,43,34,43,31,40,30,37,28,37,28,37,28,36,28,36,28,35,30,32,30,31,31,30,32,29,33,30,33,30,33,29,33,29,33,29,33,28,33,28,33,27,34,25,34,23,34,22,33,18,31,15,27,13,24,10,20,9,17,9,13,9,10,10,6,16,3,23,3,30,5,36,8,36,8,36,8,36,8,36,8,36,8xe"
    fillcolor="black" stroked="f">
    <v:path arrowok="t"/>
   </v:shape><v:shape id="_x0000_s120942" style='position:absolute;left:4960;
    top:2392;width:11;height:22' coordsize="53,100" path="m0,0l0,18,2,38,6,56,13,72,15,78,19,83,22,88,25,93,30,97,35,99,40,100,47,99,50,98,52,94,53,92,52,90,44,83,36,76,28,69,20,62,10,48,5,32,1,16,,,,,,,,,,,,0xe"
    fillcolor="black" stroked="f">
    <v:path arrowok="t"/>
   </v:shape><v:shape id="_x0000_s120943" style='position:absolute;left:4972;
    top:2217;width:6;height:12' coordsize="24,54" path="m0,0l6,14,10,28,15,41,22,54,23,54,24,54,24,53,24,52,18,39,13,25,7,13,,,,,,,,,,,,0xe"
    fillcolor="black" stroked="f">
    <v:path arrowok="t"/>
   </v:shape><v:shape id="_x0000_s120944" style='position:absolute;left:4903;
    top:2209;width:39;height:123' coordsize="185,553" path="m185,553l173,517,160,482,147,446,136,410,124,373,114,338,103,301,93,264,87,244,83,224,77,204,72,184,67,165,62,144,56,124,50,105,47,91,44,77,40,63,34,51,31,39,27,28,24,17,23,6,22,2,21,1,18,,15,1,2,13,,29,4,47,11,62,19,81,27,100,34,120,41,139,48,159,55,179,61,198,68,218,75,240,83,262,90,283,97,305,103,328,110,350,117,372,124,394,131,415,138,434,146,454,153,474,161,494,169,514,177,534,185,553,185,553,185,553,185,553,185,553,185,553xe"
    fillcolor="black" stroked="f">
    <v:path arrowok="t"/>
   </v:shape><v:shape id="_x0000_s120945" style='position:absolute;left:5248;
    top:2371;width:10;height:21' coordsize="49,96" path="m0,96l11,87,20,76,28,66,35,53,39,42,44,29,47,15,49,1,49,,46,,45,1,44,3,39,15,35,27,30,39,26,51,20,62,14,74,8,86,,96,,96,,96,,96,,96,,96xe"
    fillcolor="black" stroked="f">
    <v:path arrowok="t"/>
   </v:shape><v:shape id="_x0000_s120946" style='position:absolute;left:5041;
    top:2314;width:16;height:14' coordsize="74,62" path="m74,0l73,2,68,8,61,17,52,27,41,39,30,49,18,57,7,62,,61,,55,7,46,17,33,30,21,45,10,60,3,74,0xe"
    stroked="f">
    <v:path arrowok="t"/>
   </v:shape><v:shape id="_x0000_s120947" type="#_x0000_t202" style='position:absolute;
    left:4752;top:2496;width:672;height:154' filled="f" fillcolor="#9cf [4]"
    stroked="f" strokecolor="white [1]">
    <v:fill color2="#8453ff [0]"/>
    <v:shadow color="#050014 [2]"/>
    <v:textbox style='mso-fit-shape-to-text:t'/>
   </v:shape></v:group><v:group id="_x0000_s120948" style='position:absolute;
   left:609pt;top:369pt;width:54pt;height:67.25pt' coordorigin="4872,2880"
   coordsize="432,538">
   <v:rect id="_x0000_s120949" style='position:absolute;left:4872;top:2880;
    width:432;height:336' fillcolor="#9cf [4]" strokecolor="#050014 [2]"
    strokeweight="1pt">
    <v:shadow color="#369" opacity=".5" obscured="t" offset="6pt,6pt"/>
   </v:rect><v:shape id="_x0000_s120950" style='position:absolute;left:4958;
    top:3124;width:187;height:58' coordsize="8488,3007" path="m4496,554l7101,554,7112,554,7123,556,7134,558,7145,561,7169,569,7194,578,7221,593,7247,608,7274,626,7301,646,7327,669,7352,693,7377,718,7400,746,7422,774,7443,805,7460,835,7475,868,7490,906,7533,1013,7596,1170,7670,1356,7749,1553,7825,1742,7889,1903,7934,2017,7934,2060,7934,2107,7934,2159,7934,2209,7934,2254,7934,2294,7934,2321,7934,2334,7934,2334,7934,2334,7934,2334,7934,2334,7934,2336,7934,2336,7934,2336,7934,2335,7934,2335,7934,2335,7934,2335,7934,2335,7934,2334,7934,2349,7932,2364,7930,2381,7927,2397,7924,2412,7920,2428,7916,2441,7912,2453,577,2453,572,2441,568,2428,565,2412,562,2397,558,2381,556,2364,554,2349,554,2334,554,2325,554,2300,554,2263,554,2216,554,2164,554,2111,554,2061,554,2017,1015,861,1023,845,1031,830,1039,815,1048,800,1068,771,1089,743,1112,716,1136,691,1162,667,1188,645,1215,625,1242,608,1268,592,1294,578,1319,569,1343,561,1355,558,1366,556,1377,554,1388,554,4496,554,4496,,1388,,1355,1,1322,3,1290,8,1257,13,1224,20,1192,28,1159,38,1126,49,1095,62,1062,76,1031,92,999,108,967,125,937,144,907,165,877,185,848,208,818,231,791,255,763,281,737,307,711,335,686,362,662,391,638,421,616,451,594,483,575,514,555,547,537,580,520,613,505,648,483,703,428,841,349,1035,261,1257,172,1479,95,1673,40,1809,20,1861,,1910,,1964,,2339,,2370,2,2400,5,2431,9,2461,14,2491,20,2521,26,2551,35,2580,44,2610,53,2638,64,2665,76,2692,89,2719,103,2746,119,2771,135,2795,152,2818,171,2840,190,2861,211,2881,233,2900,255,2918,279,2934,304,2948,330,2961,357,2973,385,2983,415,2992,445,2998,477,3003,509,3006,544,3007,7944,3007,7979,3006,8012,3003,8043,2998,8074,2992,8103,2983,8131,2973,8159,2961,8185,2948,8210,2934,8233,2918,8256,2900,8277,2882,8298,2861,8318,2840,8336,2819,8353,2795,8370,2771,8385,2746,8399,2721,8412,2693,8424,2666,8435,2639,8445,2611,8454,2581,8461,2553,8469,2523,8474,2493,8480,2464,8483,2433,8486,2403,8487,2373,8488,2343,8488,2325,8488,2282,8488,2222,8488,2152,8488,2083,8488,2023,8488,1980,8488,1964,8488,1910,8469,1861,7987,655,7970,620,7954,586,7936,552,7916,519,7895,487,7874,455,7852,424,7828,394,7804,365,7778,337,7753,309,7726,282,7698,257,7670,232,7641,209,7611,186,7582,166,7551,145,7521,126,7489,108,7458,92,7426,76,7394,62,7361,49,7329,38,7297,28,7264,20,7231,13,7199,8,7166,3,7134,1,7101,,4496,,4496,554xe"
    fillcolor="#b2b2b2" stroked="f">
    <v:path arrowok="t"/>
   </v:shape><v:shape id="_x0000_s120951" style='position:absolute;left:4971;
    top:3009;width:161;height:107' coordsize="7385,5536" path="m4013,4982l6808,4982,6812,4982,6817,4981,6820,4978,6824,4975,6826,4972,6829,4967,6831,4963,6831,4959,6831,579,6831,578,6831,575,6831,574,6830,572,6829,570,6827,567,6826,565,6824,561,6821,559,6819,558,6817,557,6814,556,6812,556,6810,555,6809,555,6808,555,577,555,575,555,574,555,572,556,570,556,568,557,566,558,563,559,560,561,558,565,557,567,555,570,555,572,554,574,554,575,554,578,554,579,554,4959,554,4960,554,4961,554,4963,555,4965,555,4967,557,4970,558,4973,560,4975,563,4977,566,4979,568,4981,570,4982,572,4982,574,4982,575,4982,577,4982,4013,4982,4013,5536,577,5536,548,5536,520,5534,492,5531,463,5525,436,5519,409,5512,382,5502,356,5492,331,5482,306,5468,281,5454,257,5439,234,5423,211,5405,190,5387,168,5367,149,5346,130,5325,113,5302,97,5279,81,5255,67,5231,55,5206,43,5180,34,5154,25,5126,17,5100,11,5072,6,5045,3,5017,1,4987,,4959,,579,1,548,3,520,6,490,12,462,18,434,26,407,35,380,45,353,56,328,69,303,84,279,99,255,114,233,131,212,150,190,170,170,189,151,210,133,232,116,254,99,277,84,302,71,327,58,352,46,378,36,406,27,433,19,461,12,489,8,518,4,547,1,577,,6808,,6836,1,6864,4,6893,7,6921,12,6948,18,6975,25,7002,34,7029,44,7054,56,7079,69,7104,82,7128,97,7151,114,7172,131,7194,150,7216,170,7236,191,7254,213,7271,235,7288,258,7303,282,7317,306,7329,331,7341,358,7351,384,7360,410,7367,437,7374,464,7378,493,7381,521,7384,549,7385,579,7385,4959,7384,4987,7381,5017,7378,5045,7374,5072,7367,5100,7360,5126,7351,5154,7341,5180,7329,5206,7317,5231,7303,5255,7288,5279,7271,5302,7254,5325,7236,5346,7216,5367,7194,5387,7172,5405,7151,5423,7128,5439,7104,5454,7079,5468,7054,5482,7029,5492,7002,5502,6975,5512,6948,5519,6921,5525,6893,5531,6864,5534,6836,5536,6808,5536,4013,5536,4013,4982xe"
    fillcolor="#b2b2b2" stroked="f">
    <v:path arrowok="t"/>
   </v:shape><v:shape id="_x0000_s120952" style='position:absolute;left:4970;
    top:2950;width:18;height:49' coordsize="796,2541" path="m588,913l574,913,560,914,548,917,535,920,523,923,511,928,500,933,489,938,478,945,467,951,457,959,448,967,439,975,431,985,422,995,416,1005,416,207,415,186,411,165,406,146,399,126,391,109,380,91,368,75,355,61,340,46,323,35,307,25,288,16,269,8,249,4,229,1,208,,186,1,165,4,146,8,127,16,109,25,91,35,75,46,61,61,47,75,36,91,25,109,16,126,10,146,4,165,1,186,,207,,1420,1,1440,4,1461,10,1481,16,1500,25,1519,36,1535,47,1552,61,1566,75,1580,91,1592,109,1602,127,1610,146,1618,165,1622,186,1626,208,1627,221,1627,234,1626,247,1623,259,1620,272,1617,284,1613,295,1608,307,1602,318,1596,328,1589,337,1581,347,1573,356,1565,365,1556,372,1546,380,1535,380,2333,381,2354,384,2375,389,2396,396,2414,405,2433,415,2450,427,2465,441,2480,455,2494,471,2506,489,2516,506,2525,526,2532,545,2537,566,2540,588,2541,608,2540,629,2537,649,2532,668,2525,687,2516,703,2506,719,2494,735,2480,748,2465,760,2450,769,2433,778,2414,786,2396,791,2375,793,2354,796,2333,796,1121,793,1100,791,1079,786,1059,778,1040,769,1022,760,1005,748,989,735,974,719,961,703,949,687,938,668,930,649,923,629,918,608,914,588,913xe"
    fillcolor="#b2b2b2" stroked="f">
    <v:path arrowok="t"/>
   </v:shape><v:shape id="_x0000_s120953" style='position:absolute;left:4921;
    top:2975;width:47;height:32' coordsize="2165,1620" path="m1248,408l1248,408,1233,394,1215,382,1198,371,1179,362,1161,356,1141,352,1122,348,1101,347,1082,348,1062,352,1042,356,1024,362,1005,371,987,382,971,394,955,408,944,419,936,430,928,442,920,454,915,466,910,479,905,492,902,505,899,518,898,531,896,545,896,558,898,573,899,586,902,599,905,612,353,61,338,47,321,34,303,24,285,15,266,8,247,4,227,1,207,,187,1,167,4,148,8,129,15,111,24,92,34,76,47,60,61,45,76,34,93,23,111,14,129,7,149,3,167,,188,,208,,227,3,247,7,267,14,286,23,305,34,322,45,338,60,355,916,1212,932,1226,949,1238,967,1249,986,1258,1004,1264,1024,1269,1043,1272,1063,1273,1084,1272,1103,1269,1123,1264,1141,1258,1160,1249,1177,1238,1195,1226,1210,1212,1220,1201,1230,1190,1237,1178,1245,1166,1250,1154,1256,1141,1260,1128,1263,1115,1267,1102,1268,1089,1269,1075,1269,1062,1268,1047,1265,1034,1263,1021,1260,1007,1812,1559,1827,1573,1843,1585,1862,1596,1880,1605,1899,1612,1918,1616,1938,1619,1958,1620,1978,1619,1998,1616,2017,1612,2036,1605,2054,1596,2072,1585,2089,1573,2104,1559,2119,1543,2132,1527,2141,1509,2150,1491,2157,1471,2162,1451,2164,1432,2165,1412,2164,1393,2162,1373,2157,1353,2150,1334,2141,1315,2132,1298,2119,1282,2104,1265,1248,408xe"
    fillcolor="#b2b2b2" stroked="f">
    <v:path arrowok="t"/>
   </v:shape><v:shape id="_x0000_s120954" style='position:absolute;left:4905;
    top:3016;width:54;height:15' coordsize="2454,803" path="m2247,0l1035,,1014,1,994,4,974,9,954,16,936,25,920,35,903,47,889,61,875,75,863,91,853,109,845,126,837,146,833,165,829,186,828,208,828,222,829,236,833,249,836,263,839,275,845,289,850,301,857,312,864,323,872,334,880,345,890,355,900,364,910,372,921,380,933,387,207,387,186,388,165,391,146,396,126,403,108,412,91,422,75,434,60,448,47,463,35,478,25,495,16,514,9,532,3,553,1,574,,595,1,616,3,637,9,657,16,675,25,694,35,711,47,727,60,742,75,755,91,767,108,778,126,786,146,793,165,798,186,801,207,803,1419,803,1440,801,1460,798,1480,793,1500,786,1517,778,1534,767,1551,755,1565,742,1579,727,1591,711,1601,694,1610,675,1617,657,1622,637,1625,616,1626,595,1626,580,1625,566,1622,553,1618,539,1615,526,1610,514,1604,501,1598,490,1590,478,1582,467,1574,457,1564,448,1554,439,1544,430,1533,422,1521,415,2247,415,2268,414,2289,410,2308,406,2328,399,2345,390,2363,380,2379,368,2393,354,2407,340,2419,323,2429,307,2438,289,2445,269,2450,249,2453,229,2454,208,2453,186,2450,165,2445,146,2438,126,2429,109,2419,91,2407,75,2393,61,2379,47,2363,35,2345,25,2328,16,2308,9,2289,4,2268,1,2247,0xe"
    fillcolor="#b2b2b2" stroked="f">
    <v:path arrowok="t"/>
   </v:shape><v:shape id="_x0000_s120955" style='position:absolute;left:5072;
    top:2962;width:19;height:27' coordsize="881,1409" path="m881,0l847,81,816,164,785,248,757,333,731,419,706,506,682,593,660,681,641,770,623,859,607,949,593,1040,581,1131,570,1224,561,1315,555,1409,,1409,6,1315,14,1223,22,1131,34,1040,46,949,61,859,77,770,94,681,114,593,135,506,156,420,180,334,205,249,231,165,260,81,289,,881,0xe"
    fillcolor="#b2b2b2" stroked="f">
    <v:path arrowok="t"/>
   </v:shape><v:shape id="_x0000_s120956" style='position:absolute;left:5173;
    top:2962;width:15;height:27' coordsize="676,1409" path="m0,0l12,78,24,158,35,239,45,322,56,406,64,491,73,577,82,664,89,753,96,844,102,934,108,1027,112,1120,116,1215,120,1311,122,1409,676,1409,674,1315,670,1224,667,1131,663,1040,657,949,652,860,645,771,638,681,630,593,623,506,614,420,604,334,593,249,583,165,571,81,559,,,0xe"
    fillcolor="#b2b2b2" stroked="f">
    <v:path arrowok="t"/>
   </v:shape><v:shape id="_x0000_s120957" style='position:absolute;left:5117;
    top:2962;width:15;height:27' coordsize="676,1409" path="m676,0l664,78,652,158,642,239,631,322,621,406,611,491,602,577,595,664,587,753,580,844,574,934,569,1027,563,1120,560,1215,556,1311,553,1409,,1409,2,1318,5,1228,8,1138,13,1048,18,959,23,870,30,780,37,692,44,604,53,516,62,429,71,342,81,254,92,170,104,83,116,,676,0xe"
    fillcolor="#b2b2b2" stroked="f">
    <v:path arrowok="t"/>
   </v:shape><v:shape id="_x0000_s120958" style='position:absolute;left:5214;
    top:2962;width:20;height:27' coordsize="883,1409" path="m594,0l624,82,652,167,678,252,704,337,727,423,749,510,770,599,789,686,806,775,822,864,836,954,848,1044,860,1134,869,1226,876,1316,883,1409,328,1409,320,1315,311,1224,302,1131,289,1040,274,949,258,859,241,770,221,681,199,593,177,506,152,419,124,333,96,248,66,164,34,81,,,594,0xe"
    fillcolor="#b2b2b2" stroked="f">
    <v:path arrowok="t"/>
   </v:shape><v:shape id="_x0000_s120959" style='position:absolute;left:5214;
    top:3000;width:20;height:27' coordsize="878,1409" path="m323,0l316,94,308,187,298,280,285,372,271,463,255,553,237,644,217,732,197,820,174,907,149,993,122,1078,94,1162,64,1246,32,1328,,1409,596,1409,624,1326,653,1242,679,1157,704,1071,727,985,748,898,768,810,787,722,804,633,819,544,833,454,845,364,856,274,865,183,872,92,878,,323,0xe"
    fillcolor="#b2b2b2" stroked="f">
    <v:path arrowok="t"/>
   </v:shape><v:shape id="_x0000_s120960" style='position:absolute;left:5173;
    top:3000;width:15;height:27' coordsize="674,1409" path="m674,0l671,93,668,185,664,277,661,368,655,459,650,549,643,638,637,727,629,815,622,902,612,988,603,1074,593,1159,583,1243,572,1327,560,1409,,1409,12,1330,23,1249,34,1169,45,1086,55,1001,63,916,72,830,81,742,87,654,94,563,100,473,106,380,110,287,115,192,118,96,120,,674,0xe"
    fillcolor="#b2b2b2" stroked="f">
    <v:path arrowok="t"/>
   </v:shape><v:shape id="_x0000_s120961" style='position:absolute;left:5030;
    top:2911;width:245;height:166' coordsize="11192,8629" path="m5449,4583l9637,4583,10624,4583,10620,4630,10613,4677,10607,4724,10600,4770,10592,4816,10584,4863,10574,4909,10564,4955,10553,5000,10541,5046,10528,5092,10515,5136,10502,5181,10487,5227,10472,5270,10456,5315,10439,5360,10422,5403,10403,5447,10385,5490,10365,5533,10345,5576,10325,5619,10303,5661,10280,5704,10257,5745,10234,5788,10210,5829,10185,5870,10160,5911,10134,5952,10107,5992,5916,5992,5455,5992,5441,5992,5426,5993,5412,5996,5399,5998,5386,6001,5372,6004,5360,6009,5347,6014,5323,6026,5300,6039,5289,6047,5278,6056,5269,6064,5259,6073,5250,6083,5241,6093,5233,6103,5225,6114,5219,6125,5211,6137,5206,6149,5200,6161,5195,6174,5190,6187,5187,6200,5184,6213,5182,6227,5179,6241,5178,6255,5178,6269,5178,6283,5179,6297,5182,6311,5184,6326,5187,6339,5190,6352,5195,6365,5200,6377,5206,6390,5211,6402,5219,6413,5225,6424,5233,6436,5241,6445,5250,6455,5259,6465,5269,6475,5278,6484,5289,6491,5300,6499,5311,6506,5323,6513,5335,6519,5347,6525,5360,6529,5372,6534,5386,6538,5399,6540,5412,6543,5426,6545,5441,6546,5455,6547,6054,6547,9651,6547,9610,6588,9567,6629,9523,6670,9479,6710,9433,6750,9389,6790,9342,6829,9295,6867,9247,6905,9198,6943,9149,6980,9099,7016,9049,7052,8997,7088,8946,7123,8894,7157,8840,7191,8786,7224,8731,7257,8677,7289,8622,7321,8565,7352,8508,7382,8451,7412,8393,7442,8334,7470,8275,7499,8216,7527,8155,7553,8095,7580,8033,7605,7972,7630,7976,7626,7982,7620,7987,7615,7993,7611,7998,7605,8003,7600,8009,7595,8014,7590,8070,7533,8124,7475,8179,7415,8231,7355,8282,7293,8332,7230,8382,7165,8430,7101,8476,7035,8521,6968,8566,6900,8610,6831,8651,6761,8692,6690,8731,6619,8770,6547,8130,6547,8092,6606,8053,6664,8014,6721,7974,6778,7933,6833,7890,6888,7848,6942,7803,6994,7759,7045,7713,7096,7667,7146,7619,7194,7571,7242,7522,7287,7473,7332,7423,7375,7372,7419,7320,7460,7268,7501,7214,7539,7161,7577,7107,7614,7051,7649,6996,7683,6939,7716,6881,7747,6824,7777,6766,7806,6706,7834,6647,7859,6588,7884,6527,7907,6563,7840,6597,7771,6632,7698,6665,7624,6698,7546,6729,7466,6760,7384,6790,7299,6818,7213,6847,7124,6874,7032,6900,6940,6925,6844,6949,6747,6973,6648,6995,6547,6428,6547,6407,6636,6385,6723,6362,6808,6339,6890,6316,6970,6292,7048,6267,7122,6242,7194,6217,7263,6190,7330,6164,7394,6137,7456,6111,7515,6084,7570,6057,7624,6028,7674,6001,7722,5974,7766,5946,7808,5918,7847,5890,7883,5863,7916,5835,7946,5807,7972,5780,7996,5753,8017,5726,8034,5700,8050,5672,8060,5647,8068,5621,8074,5596,8075,5582,8076,5568,8077,5554,8078,5540,8081,5527,8083,5514,8088,5500,8092,5488,8096,5463,8108,5441,8123,5430,8130,5420,8139,5410,8148,5400,8156,5391,8166,5382,8176,5374,8187,5367,8198,5359,8209,5352,8221,5346,8233,5340,8245,5336,8256,5332,8270,5327,8283,5324,8297,5322,8310,5321,8324,5320,8338,5319,8352,5320,8366,5321,8381,5322,8395,5324,8408,5327,8421,5332,8435,5336,8447,5340,8460,5346,8472,5352,8484,5359,8496,5367,8507,5374,8518,5382,8529,5391,8539,5400,8548,5410,8557,5420,8566,5430,8574,5441,8582,5453,8590,5463,8596,5475,8602,5488,8607,5500,8613,5514,8617,5527,8620,5540,8624,5554,8626,5568,8628,5582,8629,5596,8629,5759,8628,5923,8622,6085,8614,6246,8601,6406,8585,6565,8566,6723,8543,6878,8517,7033,8487,7186,8455,7339,8419,7489,8380,7637,8337,7784,8290,7928,8241,8071,8189,8212,8135,8351,8076,8488,8015,8622,7949,8754,7882,8884,7812,9011,7738,9135,7662,9258,7582,9377,7501,9493,7416,9608,7328,9719,7237,9826,7143,9931,7048,10033,6949,10103,6877,10171,6805,10237,6732,10301,6657,10362,6583,10422,6506,10478,6430,10534,6353,10587,6274,10638,6196,10686,6117,10733,6036,10777,5955,10819,5874,10859,5792,10897,5709,10932,5625,10966,5542,10996,5457,11025,5372,11052,5287,11076,5201,11097,5114,11118,5026,11134,4939,11150,4851,11163,4763,11173,4674,11181,4585,11188,4495,11191,4406,11192,4315,11192,4314,11192,4313,11192,4312,11192,4311,11192,4311,11192,4310,11192,4309,11192,4308,11192,4308,11192,4307,11192,4307,11192,4307,11192,4307,11192,4307,11192,4305,11192,4305,11192,4305,11192,4304,11192,4304,11192,4304,11192,4303,11192,4303,11192,4302,11192,4302,11190,4213,11187,4124,11180,4034,11171,3945,11162,3857,11148,3769,11133,3681,11115,3594,11095,3508,11073,3421,11049,3336,11022,3251,10994,3166,10962,3082,10930,2999,10894,2916,10857,2833,10817,2751,10774,2671,10731,2590,10684,2511,10635,2431,10585,2353,10531,2275,10477,2198,10419,2122,10361,2047,10300,1972,10235,1898,10170,1825,10103,1753,10033,1682,9931,1583,9826,1487,9719,1393,9608,1303,9493,1215,9377,1130,9258,1048,9135,969,9011,892,8884,818,8754,749,8622,680,8488,616,8351,555,8212,496,8071,440,7928,388,7784,339,7637,293,7489,251,7339,212,7186,176,7033,143,6878,114,6723,88,6565,65,6406,45,6246,30,6085,17,5923,8,5759,3,5596,,5308,7,5025,23,4745,51,4470,89,4199,137,3933,195,3673,263,3420,340,3172,427,2931,522,2696,627,2470,739,2250,860,2039,987,1835,1123,1640,1266,1455,1416,1279,1573,1113,1735,957,1905,811,2079,676,2260,552,2446,440,2637,340,2833,252,3033,177,3238,114,3447,65,3660,29,3875,7,4093,,4315,,4329,2,4344,3,4358,6,4371,8,4385,12,4398,17,4410,21,4423,27,4435,33,4447,40,4459,47,4470,55,4481,64,4492,72,4501,81,4511,91,4520,101,4529,111,4537,122,4545,133,4553,145,4559,157,4565,169,4570,181,4576,194,4580,207,4583,221,4586,234,4589,249,4591,263,4592,277,4592,288,4592,299,4591,308,4590,319,4589,329,4586,339,4584,350,4581,360,4579,364,4579,369,4580,375,4581,380,4581,386,4582,391,4582,397,4582,402,4583,5449,4583,5449,4029,569,4029,574,3982,579,3936,586,3889,594,3844,601,3798,610,3752,620,3706,629,3661,641,3616,652,3570,665,3526,678,3481,693,3436,708,3392,723,3347,739,3302,756,3259,774,3214,792,3171,811,3127,831,3084,851,3040,873,2998,895,2954,918,2911,942,2869,966,2827,991,2785,1016,2743,1042,2701,1069,2660,1097,2619,1097,2619,1097,2619,1098,2619,1098,2619,1098,2619,1100,2619,1100,2620,1100,2620,5478,2620,5478,2065,1560,2065,1603,2023,1647,1980,1692,1939,1737,1899,1783,1858,1830,1818,1877,1779,1924,1741,1972,1703,2022,1666,2071,1629,2121,1592,2173,1557,2224,1521,2276,1487,2328,1452,2382,1420,2435,1387,2489,1354,2544,1323,2599,1292,2655,1262,2711,1231,2768,1202,2826,1173,2883,1145,2941,1118,3000,1092,3058,1066,3118,1039,3178,1014,3239,990,3180,1048,3123,1107,3066,1167,3011,1229,2956,1292,2903,1356,2852,1422,2801,1488,2750,1557,2703,1625,2655,1696,2609,1768,2564,1840,2521,1914,2478,1989,2438,2065,3069,2065,3098,2022,3125,1979,3153,1937,3182,1895,3212,1854,3241,1813,3272,1772,3303,1733,3335,1694,3366,1655,3399,1617,3432,1579,3465,1541,3500,1504,3534,1467,3570,1433,3630,1373,3692,1316,3755,1261,3819,1207,3884,1156,3951,1107,4017,1060,4086,1015,4154,972,4224,931,4295,892,4365,855,4438,821,4510,788,4584,757,4658,729,4622,797,4587,866,4554,938,4520,1013,4488,1091,4457,1169,4427,1251,4398,1333,4370,1418,4343,1506,4316,1595,4291,1685,4267,1778,4244,1873,4222,1968,4200,2065,4769,2065,4784,2001,4801,1938,4817,1876,4833,1816,4850,1756,4867,1698,4885,1642,4902,1586,4919,1533,4938,1481,4956,1429,4975,1379,4993,1330,5013,1283,5031,1238,5051,1193,5071,1149,5090,1108,5110,1068,5129,1030,5150,992,5170,956,5190,922,5210,888,5231,856,5251,827,5271,798,5292,770,5312,745,5332,721,5352,699,5373,678,5403,648,5433,625,5447,614,5461,603,5475,594,5490,586,5504,579,5517,572,5531,567,5544,562,5557,559,5570,557,5583,556,5596,555,5608,556,5621,557,5634,559,5647,562,5660,567,5675,572,5688,579,5702,586,5716,594,5730,603,5744,614,5759,625,5789,648,5819,678,5839,699,5860,721,5880,745,5900,770,5921,798,5941,827,5961,856,5981,888,6002,922,6022,956,6042,992,6062,1030,6082,1068,6101,1108,6122,1149,6140,1193,6160,1238,6180,1283,6198,1330,6217,1379,6236,1429,6254,1481,6272,1533,6289,1586,6308,1642,6325,1698,6342,1756,6359,1816,6375,1876,6391,1938,6407,2001,6422,2065,6990,2065,6969,1966,6946,1868,6922,1772,6897,1679,6871,1587,6843,1498,6816,1411,6788,1325,6758,1242,6728,1161,6696,1083,6665,1007,6632,933,6598,862,6564,793,6529,727,6603,755,6677,786,6750,818,6823,853,6895,890,6965,929,7035,971,7105,1013,7172,1059,7239,1106,7306,1155,7371,1206,7435,1261,7500,1315,7562,1373,7623,1433,7657,1467,7692,1504,7726,1541,7760,1579,7792,1617,7825,1655,7858,1694,7889,1733,7920,1772,7950,1813,7981,1854,8010,1895,8038,1937,8067,1979,8095,2022,8122,2065,8759,2065,8722,1993,8682,1924,8642,1854,8601,1785,8557,1718,8514,1651,8469,1586,8423,1521,8376,1458,8328,1394,8278,1332,8228,1272,8175,1213,8123,1154,8069,1096,8014,1041,8008,1035,8002,1029,7997,1023,7990,1018,7985,1012,7979,1007,7973,1001,7968,996,8027,1020,8087,1045,8146,1071,8205,1097,8262,1123,8320,1151,8378,1179,8434,1207,8490,1237,8546,1266,8601,1296,8656,1327,8710,1359,8764,1391,8817,1424,8870,1457,8922,1490,8973,1525,9024,1560,9074,1595,9124,1632,9173,1668,9222,1705,9270,1743,9318,1781,9365,1820,9411,1859,9456,1900,9501,1940,9545,1981,9589,2023,9633,2065,5478,2065,5478,2620,10095,2620,10122,2660,10149,2701,10176,2744,10202,2785,10227,2828,10251,2870,10274,2913,10296,2955,10319,2998,10340,3041,10361,3084,10380,3127,10400,3171,10418,3214,10436,3259,10453,3302,10469,3347,10485,3392,10499,3436,10513,3481,10526,3526,10539,3570,10551,3616,10562,3661,10572,3706,10581,3752,10590,3798,10599,3844,10607,3889,10613,3936,10618,3982,10624,4029,5449,4029,5449,4583xe"
    fillcolor="#b2b2b2" stroked="f">
    <v:path arrowok="t"/>
   </v:shape><v:shape id="_x0000_s120962" style='position:absolute;left:4947;
    top:3113;width:186;height:58' coordsize="8489,3006" path="m4496,554l7102,554,7112,555,7123,556,7133,558,7145,560,7169,568,7195,579,7221,592,7248,607,7274,626,7301,646,7327,668,7353,692,7377,718,7401,746,7423,775,7443,804,7460,836,7476,868,7491,907,7534,1013,7596,1169,7671,1355,7749,1553,7824,1742,7890,1903,7935,2018,7935,2059,7935,2107,7935,2158,7935,2208,7935,2255,7935,2293,7935,2321,7935,2334,7935,2334,7935,2334,7935,2333,7935,2333,7935,2336,7935,2336,7935,2336,7935,2336,7935,2336,7935,2336,7935,2334,7935,2334,7935,2334,7934,2350,7932,2365,7930,2381,7928,2397,7924,2413,7920,2427,7916,2441,7912,2453,577,2453,572,2441,569,2427,565,2412,562,2397,558,2380,556,2365,555,2349,554,2333,554,2326,554,2301,554,2263,554,2216,554,2163,554,2111,554,2061,554,2018,1016,861,1023,846,1031,829,1039,815,1048,800,1068,771,1089,742,1112,716,1137,691,1162,667,1188,645,1214,625,1242,607,1268,592,1294,579,1319,568,1344,560,1355,558,1367,556,1377,555,1387,554,4496,554,4496,,1387,,1355,1,1322,3,1291,7,1258,13,1224,20,1193,28,1160,38,1127,50,1095,62,1063,76,1031,91,999,107,969,126,937,144,908,164,877,186,848,208,819,232,791,256,764,281,737,307,712,334,686,362,662,391,639,421,616,452,595,482,575,514,555,546,538,580,520,614,505,648,483,702,428,840,350,1035,261,1257,173,1480,96,1672,40,1810,20,1861,,1911,,1964,,2339,1,2369,3,2400,5,2430,10,2461,14,2491,21,2521,27,2551,35,2581,44,2609,53,2637,65,2666,77,2693,90,2719,104,2745,120,2770,136,2794,152,2818,171,2840,190,2862,211,2881,233,2900,256,2917,280,2933,305,2948,330,2962,357,2973,385,2984,415,2991,445,2999,478,3003,510,3006,544,3006,7945,3006,7979,3006,8012,3003,8043,2999,8074,2991,8103,2984,8131,2973,8159,2962,8185,2949,8210,2933,8234,2917,8257,2900,8278,2881,8298,2862,8317,2840,8336,2818,8353,2795,8370,2771,8385,2746,8399,2720,8412,2694,8424,2667,8435,2638,8445,2610,8454,2582,8462,2552,8469,2523,8474,2493,8480,2463,8483,2434,8486,2403,8488,2373,8489,2343,8489,2326,8489,2282,8489,2221,8489,2153,8489,2083,8489,2023,8489,1981,8489,1964,8489,1911,8469,1861,7987,655,7971,620,7954,585,7935,552,7916,519,7895,486,7875,455,7852,424,7828,394,7804,364,7779,336,7753,309,7725,283,7698,257,7670,233,7642,209,7612,187,7582,165,7551,144,7521,126,7489,108,7458,91,7426,76,7395,63,7362,50,7329,39,7297,28,7264,20,7231,13,7199,7,7166,3,7133,1,7102,,4496,,4496,554xe"
    fillcolor="white [1]" stroked="f">
    <v:path arrowok="t"/>
   </v:shape><v:shape id="_x0000_s120963" style='position:absolute;left:4959;
    top:2999;width:162;height:106' coordsize="7385,5535" path="m4013,4981l6808,4981,6812,4980,6817,4979,6821,4977,6824,4975,6827,4970,6830,4967,6831,4963,6831,4957,6831,577,6831,576,6831,575,6831,573,6831,571,6830,568,6828,566,6826,563,6824,561,6822,559,6819,556,6817,555,6814,554,6812,554,6810,554,6809,554,6808,554,578,554,576,554,574,554,573,554,571,554,568,555,566,556,563,559,561,561,558,563,557,566,556,568,555,571,555,573,554,575,554,576,554,577,554,4957,554,4958,554,4960,555,4963,555,4964,556,4967,557,4969,558,4971,561,4975,563,4977,566,4978,568,4979,571,4980,573,4981,574,4981,576,4981,578,4981,4013,4981,4013,5535,578,5535,548,5534,520,5532,492,5529,463,5525,436,5518,409,5510,383,5502,357,5492,331,5480,306,5468,280,5454,258,5439,234,5422,212,5405,190,5386,169,5366,149,5345,130,5323,113,5301,97,5278,81,5255,68,5229,55,5204,44,5179,33,5152,25,5126,17,5099,12,5072,6,5043,3,5015,1,4987,,4957,,577,1,548,3,518,6,490,12,461,18,433,26,406,36,379,45,353,57,328,69,303,84,278,99,255,115,232,132,210,150,189,169,169,189,150,211,132,233,114,254,99,278,84,302,70,327,57,352,46,378,35,406,26,433,18,461,12,489,6,519,3,547,1,578,,6808,,6836,,6865,2,6893,6,6921,11,6948,17,6975,25,7003,34,7029,43,7054,54,7080,67,7104,82,7128,97,7151,113,7173,131,7195,149,7216,169,7235,189,7254,211,7271,234,7288,257,7303,281,7317,306,7330,331,7341,356,7351,382,7360,409,7367,437,7374,464,7378,492,7382,519,7385,549,7385,577,7385,4957,7385,4987,7382,5015,7378,5043,7374,5072,7367,5099,7360,5126,7351,5152,7341,5179,7330,5204,7317,5229,7303,5255,7288,5278,7271,5301,7254,5323,7235,5345,7216,5366,7195,5386,7173,5405,7151,5422,7128,5439,7104,5454,7080,5468,7054,5480,7029,5492,7003,5502,6975,5510,6948,5518,6921,5525,6893,5529,6865,5532,6836,5534,6808,5535,4013,5535,4013,4981xe"
    fillcolor="white [1]" stroked="f">
    <v:path arrowok="t"/>
   </v:shape><v:shape id="_x0000_s120964" style='position:absolute;left:4958;
    top:2939;width:18;height:49' coordsize="795,2542" path="m588,914l575,915,561,916,548,918,535,920,523,925,511,929,501,933,489,939,478,945,468,953,458,960,448,968,440,977,431,986,423,995,416,1005,416,208,415,186,411,167,406,146,399,127,391,109,380,92,368,76,355,61,339,48,324,36,307,25,288,16,270,10,250,4,230,1,208,,187,1,166,4,146,10,127,16,109,25,91,36,76,48,61,61,48,76,36,92,25,109,16,127,10,146,4,167,1,186,,208,,1420,1,1442,4,1463,10,1482,16,1501,25,1519,36,1537,48,1553,61,1567,76,1580,91,1592,109,1603,127,1612,146,1618,166,1624,187,1627,208,1628,221,1627,234,1626,247,1624,260,1622,272,1618,284,1614,296,1609,307,1603,318,1597,328,1590,338,1582,347,1574,356,1566,365,1556,372,1547,380,1537,380,2334,381,2356,384,2376,390,2396,396,2416,405,2433,416,2450,428,2467,441,2481,456,2495,471,2507,489,2517,507,2526,526,2533,546,2538,566,2541,588,2542,609,2541,629,2538,650,2533,668,2526,687,2517,704,2507,719,2495,735,2481,748,2467,760,2450,770,2433,779,2416,786,2396,791,2376,794,2356,795,2334,795,1122,794,1101,791,1080,786,1060,779,1041,770,1023,760,1006,748,990,735,975,719,962,704,950,687,939,668,930,650,924,629,918,609,915,588,914xe"
    fillcolor="white [1]" stroked="f">
    <v:path arrowok="t"/>
   </v:shape><v:shape id="_x0000_s120965" style='position:absolute;left:4909;
    top:2965;width:48;height:31' coordsize="2166,1621" path="m1249,409l1233,394,1216,382,1198,372,1180,364,1161,356,1141,352,1122,349,1102,349,1081,349,1062,352,1042,356,1024,364,1005,372,988,382,970,394,955,409,945,419,936,430,928,442,921,454,915,467,909,479,905,492,902,506,900,519,898,533,896,546,896,560,898,573,900,586,902,600,905,613,354,61,338,47,322,35,303,24,286,17,266,9,247,5,227,1,208,,187,1,167,5,148,9,129,17,111,24,93,35,76,47,61,61,47,78,33,94,24,112,15,131,8,149,3,169,1,189,,208,1,229,3,248,8,268,15,287,24,305,33,323,47,340,61,355,917,1212,932,1226,950,1240,967,1249,986,1258,1004,1265,1024,1270,1043,1272,1064,1273,1084,1272,1103,1270,1123,1265,1142,1258,1160,1249,1178,1240,1195,1226,1211,1212,1221,1202,1229,1191,1237,1180,1245,1168,1251,1155,1256,1143,1260,1130,1264,1116,1266,1103,1268,1089,1269,1076,1269,1062,1268,1049,1266,1035,1263,1022,1260,1009,1812,1560,1827,1574,1844,1587,1862,1597,1880,1605,1899,1612,1918,1617,1938,1620,1959,1621,1978,1620,1998,1617,2017,1612,2037,1605,2055,1597,2073,1587,2089,1574,2105,1560,2120,1544,2132,1527,2142,1510,2151,1491,2158,1473,2162,1453,2165,1433,2166,1413,2165,1393,2162,1373,2158,1354,2151,1335,2142,1317,2132,1298,2120,1282,2105,1266,1249,409xe"
    fillcolor="white [1]" stroked="f">
    <v:path arrowok="t"/>
   </v:shape><v:shape id="_x0000_s120966" style='position:absolute;left:4894;
    top:3005;width:53;height:15' coordsize="2455,803" path="m2247,0l1036,,1014,1,994,5,974,10,955,17,937,25,920,36,903,48,889,61,876,77,864,92,853,109,844,128,838,146,833,167,829,188,828,208,828,223,830,237,833,251,836,264,840,277,844,290,851,302,858,314,864,325,873,336,880,346,890,355,900,364,910,373,922,380,933,388,208,388,186,389,165,392,146,397,127,404,109,413,91,423,75,435,61,449,47,463,36,480,25,497,16,514,10,534,4,554,1,574,,596,1,617,4,637,10,657,16,677,25,695,36,711,47,728,61,743,75,756,91,768,109,778,127,787,146,794,165,800,186,802,208,803,1419,803,1440,802,1460,800,1481,794,1500,787,1518,778,1534,768,1551,756,1566,743,1579,728,1591,711,1602,695,1611,677,1617,657,1623,637,1626,617,1627,596,1626,581,1625,568,1623,554,1619,541,1615,527,1610,514,1604,502,1598,490,1590,480,1582,469,1574,458,1565,449,1555,439,1544,432,1533,423,1522,416,2247,416,2268,415,2289,412,2309,407,2328,400,2346,391,2364,380,2379,368,2394,355,2407,340,2419,325,2430,307,2439,289,2445,270,2451,251,2454,230,2455,208,2454,188,2451,167,2445,146,2439,128,2430,109,2419,92,2407,77,2394,61,2379,48,2364,36,2346,25,2328,17,2309,10,2289,5,2268,1,2247,0xe"
    fillcolor="white [1]" stroked="f">
    <v:path arrowok="t"/>
   </v:shape><v:shape id="_x0000_s120967" style='position:absolute;left:5060;
    top:2951;width:19;height:27' coordsize="882,1409" path="m882,0l848,82,816,166,786,249,758,334,731,420,706,506,683,594,661,682,642,771,623,860,608,951,593,1041,581,1133,570,1224,561,1317,555,1409,,1409,6,1317,14,1224,23,1133,34,1041,47,951,62,860,77,771,94,683,114,595,134,508,156,420,180,335,205,251,231,166,260,83,289,,882,0xe"
    fillcolor="white [1]" stroked="f">
    <v:path arrowok="t"/>
   </v:shape><v:shape id="_x0000_s120968" style='position:absolute;left:5162;
    top:2951;width:14;height:27' coordsize="677,1409" path="m0,0l12,78,24,159,35,240,46,322,55,406,65,491,74,578,82,665,89,754,96,844,102,936,108,1028,112,1122,116,1217,120,1312,123,1409,677,1409,675,1317,671,1224,667,1133,663,1041,657,951,652,860,645,771,639,683,631,595,622,508,614,420,604,335,594,251,583,166,572,83,560,,,0xe"
    fillcolor="white [1]" stroked="f">
    <v:path arrowok="t"/>
   </v:shape><v:shape id="_x0000_s120969" style='position:absolute;left:5106;
    top:2951;width:14;height:27' coordsize="677,1409" path="m677,0l665,78,653,159,643,240,632,322,622,406,613,491,603,578,596,665,588,754,582,844,575,936,570,1028,565,1122,561,1217,558,1312,554,1409,,1409,3,1319,6,1230,10,1139,15,1049,19,959,25,870,31,781,39,693,46,604,54,516,64,429,72,342,83,256,94,170,105,85,117,,677,0xe"
    fillcolor="white [1]" stroked="f">
    <v:path arrowok="t"/>
   </v:shape><v:shape id="_x0000_s120970" style='position:absolute;left:5203;
    top:2951;width:19;height:27' coordsize="882,1409" path="m594,0l624,84,651,168,678,253,703,339,727,425,749,512,770,599,788,687,806,775,821,865,835,954,848,1044,859,1135,868,1226,875,1318,882,1409,327,1409,320,1317,312,1224,301,1133,289,1041,275,951,258,860,240,771,220,682,199,594,175,506,150,420,124,334,95,249,66,166,33,82,,,594,0xe"
    fillcolor="white [1]" stroked="f">
    <v:path arrowok="t"/>
   </v:shape><v:shape id="_x0000_s120971" style='position:absolute;left:5203;
    top:2989;width:19;height:27' coordsize="877,1409" path="m322,0l315,93,307,187,297,279,285,372,271,464,254,554,237,643,217,733,196,820,173,907,148,993,122,1079,93,1163,64,1245,32,1328,,1409,595,1409,624,1326,652,1241,678,1156,703,1070,726,984,747,897,768,810,787,722,803,633,818,544,832,455,844,364,855,274,864,183,871,91,877,,322,0xe"
    fillcolor="white [1]" stroked="f">
    <v:path arrowok="t"/>
   </v:shape><v:shape id="_x0000_s120972" style='position:absolute;left:5162;
    top:2989;width:14;height:27' coordsize="674,1409" path="m674,0l672,92,668,185,665,276,661,368,655,458,650,548,644,638,637,726,629,814,622,901,613,988,603,1074,593,1159,582,1243,572,1326,560,1409,,1409,12,1330,24,1250,35,1168,45,1085,55,1001,64,917,72,829,81,742,88,653,95,564,100,472,106,380,111,287,114,192,118,97,120,,674,0xe"
    fillcolor="white [1]" stroked="f">
    <v:path arrowok="t"/>
   </v:shape><v:shape id="_x0000_s120973" style='position:absolute;left:5018;
    top:2901;width:246;height:166' coordsize="11192,8628" path="m5449,4582l9637,4582,10625,4582,10620,4628,10614,4675,10608,4722,10600,4769,10592,4816,10584,4861,10574,4908,10564,4954,10553,5000,10541,5046,10529,5090,10516,5136,10502,5181,10488,5225,10473,5270,10456,5315,10440,5358,10423,5402,10404,5445,10386,5489,10366,5532,10345,5575,10325,5618,10303,5661,10281,5702,10258,5745,10234,5786,10210,5827,10185,5869,10160,5910,10134,5951,10107,5991,5917,5991,5456,5991,5441,5992,5426,5993,5413,5994,5399,5996,5386,6000,5373,6004,5360,6008,5347,6013,5323,6025,5300,6039,5289,6046,5279,6054,5269,6063,5260,6072,5250,6082,5241,6092,5234,6103,5226,6113,5219,6125,5212,6136,5205,6148,5200,6161,5195,6173,5190,6186,5187,6199,5184,6212,5182,6226,5179,6240,5178,6254,5178,6269,5178,6283,5179,6297,5182,6310,5184,6324,5187,6337,5190,6350,5195,6363,5200,6376,5205,6388,5212,6400,5219,6412,5226,6423,5234,6434,5241,6445,5250,6455,5260,6465,5269,6473,5279,6482,5289,6491,5300,6498,5312,6505,5323,6511,5335,6518,5347,6523,5360,6529,5373,6533,5386,6536,5399,6540,5413,6542,5426,6544,5441,6545,5456,6545,6055,6545,9652,6545,9610,6587,9567,6628,9524,6669,9479,6710,9434,6750,9389,6789,9342,6828,9295,6866,9247,6905,9198,6942,9149,6979,9099,7016,9049,7052,8998,7086,8946,7121,8894,7156,8840,7190,8787,7224,8732,7256,8677,7288,8621,7319,8565,7351,8508,7381,8451,7411,8393,7440,8334,7470,8275,7498,8216,7525,8156,7552,8095,7579,8034,7605,7972,7630,7977,7624,7983,7619,7987,7615,7992,7609,7998,7605,8003,7599,8009,7594,8014,7588,8070,7532,8125,7473,8179,7414,8231,7353,8283,7291,8333,7229,8382,7165,8430,7099,8477,7034,8522,6967,8566,6899,8610,6830,8652,6760,8692,6689,8731,6618,8769,6545,8130,6545,8093,6605,8053,6663,8014,6720,7974,6777,7933,6833,7890,6887,7848,6940,7804,6993,7760,7045,7714,7095,7667,7144,7620,7193,7572,7240,7523,7286,7473,7331,7423,7375,7372,7417,7321,7459,7268,7499,7215,7538,7161,7576,7107,7612,7051,7648,6996,7682,6939,7715,6882,7746,6824,7777,6766,7805,6707,7832,6647,7858,6588,7884,6528,7906,6563,7839,6598,7769,6632,7697,6666,7622,6697,7545,6729,7465,6761,7383,6790,7299,6819,7212,6847,7122,6874,7032,6900,6938,6925,6844,6950,6746,6973,6646,6996,6545,6429,6545,6407,6634,6385,6723,6362,6806,6339,6889,6315,6969,6292,7046,6267,7121,6241,7193,6216,7263,6190,7329,6164,7393,6138,7454,6111,7513,6084,7570,6056,7622,6029,7673,6001,7720,5974,7765,5945,7807,5918,7845,5890,7881,5863,7915,5836,7945,5807,7972,5780,7996,5753,8016,5727,8034,5700,8048,5673,8059,5647,8068,5621,8072,5596,8074,5582,8074,5568,8075,5554,8077,5541,8080,5527,8083,5513,8086,5501,8090,5488,8096,5464,8108,5442,8121,5431,8130,5420,8137,5410,8146,5400,8155,5392,8165,5383,8175,5374,8185,5367,8196,5359,8207,5352,8219,5347,8231,5342,8243,5336,8256,5332,8269,5328,8282,5325,8295,5323,8309,5321,8322,5320,8337,5320,8351,5320,8365,5321,8379,5323,8393,5325,8407,5328,8420,5332,8434,5336,8447,5342,8459,5347,8472,5352,8484,5359,8494,5367,8506,5374,8517,5383,8527,5392,8537,5400,8547,5410,8557,5420,8565,5431,8573,5442,8581,5453,8588,5464,8595,5476,8601,5488,8607,5501,8611,5513,8615,5527,8620,5541,8623,5554,8625,5568,8626,5582,8627,5596,8628,5760,8626,5923,8621,6085,8612,6246,8600,6406,8584,6565,8564,6722,8542,6879,8516,7034,8487,7187,8453,7338,8417,7489,8378,7638,8335,7784,8290,7928,8241,8072,8188,8212,8133,8352,8075,8488,8013,8623,7949,8754,7881,8884,7811,9011,7738,9136,7660,9258,7582,9378,7499,9494,7414,9607,7327,9718,7236,9826,7143,9932,7046,10033,6948,10103,6876,10171,6803,10236,6730,10301,6656,10363,6581,10421,6506,10479,6429,10535,6351,10587,6274,10638,6194,10687,6115,10733,6035,10777,5954,10820,5873,10859,5790,10897,5708,10933,5625,10966,5540,10997,5456,11025,5371,11052,5285,11077,5199,11098,5113,11118,5026,11135,4938,11151,4851,11163,4761,11173,4673,11182,4584,11188,4494,11191,4404,11192,4314,11192,4314,11192,4313,11192,4312,11192,4310,11192,4309,11192,4308,11192,4307,11192,4306,11192,4306,11192,4306,11192,4306,11192,4306,11192,4305,11192,4305,11192,4305,11192,4305,11192,4304,11192,4304,11192,4304,11192,4303,11192,4303,11192,4302,11192,4302,11192,4302,11191,4211,11186,4122,11180,4033,11172,3944,11161,3856,11148,3768,11133,3681,11116,3594,11096,3507,11073,3421,11049,3335,11023,3250,10994,3165,10963,3081,10930,2998,10894,2914,10857,2833,10816,2751,10775,2669,10731,2589,10684,2509,10636,2430,10585,2351,10532,2274,10477,2197,10420,2120,10361,2045,10300,1971,10236,1897,10170,1824,10103,1752,10033,1680,9932,1582,9826,1485,9718,1393,9607,1301,9494,1214,9378,1129,9258,1047,9136,967,9011,891,8884,818,8754,747,8623,680,8488,615,8352,553,8212,496,8072,440,7928,388,7784,339,7638,293,7489,250,7338,211,7187,174,7034,142,6879,112,6722,86,6565,63,6406,45,6246,28,6085,16,5923,8,5760,2,5596,,5309,5,5025,23,4745,50,4470,88,4199,136,3934,194,3674,262,3420,340,3173,426,2931,522,2697,625,2470,738,2250,858,2039,987,1835,1122,1641,1265,1455,1415,1279,1571,1114,1735,957,1904,811,2079,676,2260,553,2446,441,2637,340,2833,252,3033,177,3238,114,3446,65,3658,29,3874,8,4093,,4314,,4329,1,4342,4,4356,6,4370,9,4383,12,4396,17,4410,22,4421,28,4435,33,4447,41,4457,47,4469,55,4480,63,4490,72,4501,81,4510,91,4520,100,4528,111,4536,122,4543,133,4551,145,4558,157,4564,169,4570,182,4574,195,4578,208,4583,221,4586,234,4588,248,4590,263,4591,277,4591,288,4591,299,4590,309,4589,319,4587,329,4585,340,4583,350,4580,359,4577,365,4578,370,4579,376,4579,380,4580,386,4580,391,4582,396,4582,402,4582,5449,4582,5449,4027,568,4027,574,3982,579,3935,586,3889,593,3843,601,3797,610,3752,620,3706,630,3660,641,3615,653,3570,665,3524,678,3479,692,3435,708,3390,723,3346,739,3302,757,3257,774,3214,793,3170,811,3126,832,3083,852,3040,873,2996,895,2953,918,2911,942,2869,966,2826,991,2784,1016,2742,1043,2701,1070,2659,1097,2618,1097,2618,1098,2618,1098,2618,1098,2618,1100,2618,1100,2618,1100,2618,1101,2618,5479,2618,5479,2064,1560,2064,1603,2021,1647,1980,1692,1938,1737,1897,1783,1857,1830,1818,1877,1778,1924,1739,1973,1701,2022,1664,2072,1627,2122,1591,2173,1555,2225,1520,2276,1485,2329,1452,2381,1418,2436,1385,2489,1354,2545,1321,2599,1291,2656,1260,2711,1231,2768,1201,2825,1173,2883,1145,2941,1117,3000,1090,3059,1064,3118,1039,3178,1014,3239,989,3180,1047,3123,1105,3066,1166,3012,1228,2957,1291,2904,1355,2852,1421,2800,1488,2751,1555,2702,1625,2656,1696,2609,1766,2564,1839,2521,1913,2478,1987,2438,2064,3070,2064,3098,2021,3125,1978,3154,1936,3182,1894,3212,1852,3242,1812,3273,1772,3303,1732,3335,1692,3366,1653,3399,1615,3433,1577,3466,1540,3500,1503,3535,1467,3570,1431,3631,1372,3693,1314,3756,1260,3820,1207,3884,1155,3951,1106,4018,1059,4086,1014,4154,971,4224,930,4295,891,4366,854,4438,819,4511,786,4584,756,4658,727,4622,795,4587,865,4554,938,4521,1012,4488,1089,4458,1169,4427,1249,4399,1333,4371,1418,4344,1505,4317,1594,4291,1685,4267,1777,4245,1871,4222,1967,4201,2064,4770,2064,4785,1999,4801,1936,4817,1875,4833,1814,4850,1756,4867,1698,4884,1641,4902,1586,4920,1532,4938,1479,4956,1428,4975,1378,4993,1330,5013,1282,5032,1236,5051,1191,5071,1149,5090,1108,5110,1067,5130,1028,5150,991,5170,955,5190,920,5211,888,5231,856,5251,825,5272,797,5291,770,5312,744,5333,720,5352,697,5373,676,5404,648,5433,623,5447,612,5461,602,5476,594,5490,585,5504,578,5518,572,5531,566,5545,562,5558,559,5571,556,5583,554,5596,554,5609,554,5621,556,5634,559,5648,562,5661,566,5675,572,5689,578,5703,585,5717,594,5731,602,5745,612,5759,623,5789,648,5819,676,5840,697,5860,720,5880,744,5901,770,5920,797,5941,825,5962,856,5981,888,6002,920,6023,955,6042,991,6062,1028,6083,1067,6102,1108,6122,1149,6141,1191,6161,1236,6179,1282,6199,1330,6218,1378,6236,1428,6255,1479,6272,1532,6290,1586,6308,1641,6325,1698,6343,1756,6359,1814,6375,1875,6392,1936,6407,1999,6423,2064,6991,2064,6968,1965,6946,1868,6922,1772,6897,1678,6870,1587,6844,1497,6816,1409,6788,1324,6758,1242,6728,1160,6697,1081,6665,1005,6632,932,6598,860,6565,792,6530,725,6604,755,6678,785,6751,818,6823,853,6894,890,6965,929,7035,969,7104,1013,7173,1057,7240,1105,7307,1154,7372,1206,7436,1259,7500,1314,7562,1372,7622,1431,7657,1467,7692,1503,7726,1540,7760,1577,7793,1615,7826,1653,7858,1692,7889,1732,7920,1772,7950,1812,7981,1852,8010,1894,8039,1936,8068,1978,8095,2021,8122,2064,8760,2064,8722,1993,8682,1922,8642,1854,8601,1785,8558,1717,8515,1651,8469,1585,8423,1520,8377,1456,8328,1393,8279,1332,8228,1271,8176,1211,8123,1153,8069,1096,8014,1039,8009,1033,8002,1028,7997,1023,7991,1017,7985,1012,7979,1006,7974,1001,7967,995,8027,1019,8087,1044,8146,1069,8205,1096,8262,1123,8320,1150,8378,1177,8434,1207,8491,1235,8546,1265,8602,1295,8656,1326,8711,1358,8764,1390,8817,1422,8870,1456,8922,1490,8973,1524,9024,1558,9075,1594,9124,1630,9174,1667,9222,1704,9270,1741,9318,1781,9365,1819,9410,1859,9456,1898,9502,1940,9545,1980,9589,2021,9632,2064,5479,2064,5479,2618,10095,2618,10123,2659,10150,2701,10177,2742,10202,2785,10227,2826,10251,2869,10275,2911,10297,2953,10319,2997,10341,3040,10361,3083,10381,3127,10400,3170,10418,3214,10436,3257,10453,3302,10469,3346,10485,3390,10500,3435,10514,3479,10527,3524,10539,3570,10551,3615,10562,3660,10573,3706,10583,3752,10591,3797,10599,3843,10606,3889,10613,3935,10618,3982,10624,4027,5449,4027,5449,4582xe"
    fillcolor="white [1]" stroked="f">
    <v:path arrowok="t"/>
   </v:shape><v:shape id="_x0000_s120974" type="#_x0000_t202" style='position:absolute;
    left:4883;top:3264;width:410;height:154;mso-wrap-style:none;
    v-text-anchor:top-baseline' filled="f" fillcolor="#9cf [4]" stroked="f"
    strokecolor="white [1]">
    <v:fill color2="#8453ff [0]"/>
    <v:shadow color="#050014 [2]"/>
    <v:textbox style='mso-fit-shape-to-text:t'/>
   </v:shape><v:rect id="_x0000_s120975" style='position:absolute;left:4983;
    top:3020;width:116;height:70;mso-wrap-style:none;v-text-anchor:middle'
    fillcolor="blue" stroked="f" strokecolor="#050014 [2]">
    <v:stroke startarrowwidth="narrow" startarrowlength="short"
     endarrowwidth="narrow" endarrowlength="short"/>
    <v:shadow color="#050014 [2]" obscured="t" offset="6pt,6pt"/>
   </v:rect></v:group><v:shape id="_x0000_s120976" type="#_x0000_t202" style='position:absolute;
   left:324pt;top:405pt;width:102pt;height:60pt' filled="f" fillcolor="#fcfdc6"
   stroked="f" strokeweight="1pt">
   <v:fill color2="#8453ff [0]"/>
   <v:shadow color="#050014 [2]" obscured="t" offset="6pt,6pt"/>
   <v:textbox inset="87573emu,43787emu,87573emu,43787emu"/>
  </v:shape></p:shaperange>
</xml>